{
  "Random Forest": {
    "test_report": {
      "r2": 0.9665473226546901,
      "neg_mean_squared_error": -800.930265092424,
      "neg_mean_absolute_error": -14.992208353940201,
      "neg_root_mean_squared_error": -28.300711388451422
    },
    "train_report": {
      "r2": 0.9934685822066301,
      "neg_mean_squared_error": -158.87858822579074,
      "neg_mean_absolute_error": -5.753824417165756,
      "neg_root_mean_squared_error": -12.604705003521135
    },
    "cross_val_report": {
      "time": {
        "mean": 0.04899554252624512,
        "std": 0.022375761439593113,
        "all": [
          0.028879404067993164,
          0.037897348403930664,
          0.0319828987121582,
          0.05693507194519043,
          0.08928298950195312
        ]
      },
      "r2": {
        "mean": 0.9462123329177284,
        "std": 0.017860640146047702,
        "all": [
          0.9604988896291987,
          0.9129276436821107,
          0.9536249091129646,
          0.9430335658313376,
          0.9609766563330308
        ]
      },
      "neg_mean_squared_error": {
        "mean": -1309.59767782932,
        "std": 449.06209711928545,
        "all": [
          -981.304243941685,
          -2123.6102310435263,
          -1022.1598658893487,
          -1470.853438915005,
          -950.0606093570347
        ]
      },
      "neg_mean_absolute_error": {
        "mean": -17.497091623478404,
        "std": 1.633038172946919,
        "all": [
          -15.88493100158138,
          -20.141721058935996,
          -16.011645337400868,
          -18.56968812051546,
          -16.877472598958327
        ]
      },
      "neg_root_mean_squared_error": {
        "mean": -35.710883399711506,
        "std": 5.859222187417831,
        "all": [
          -31.325776030957076,
          -46.082645660199745,
          -31.97123497598034,
          -38.351707118653856,
          -30.82305321276649
        ]
      }
    }
  },
  "Decision Tree": {
    "test_report": {
      "r2": 0.9495507638241358,
      "neg_mean_squared_error": -1207.86505925841,
      "neg_mean_absolute_error": -16.589696521739132,
      "neg_root_mean_squared_error": -34.75435309797047
    },
    "train_report": {
      "r2": 1.0,
      "neg_mean_squared_error": -0.0,
      "neg_mean_absolute_error": -0.0,
      "neg_root_mean_squared_error": -0.0
    },
    "cross_val_report": {
      "time": {
        "mean": 0.0021892547607421874,
        "std": 0.0003273631597664761,
        "all": [
          0.0022008419036865234,
          0.0019240379333496094,
          0.0020203590393066406,
          0.002817392349243164,
          0.001983642578125
        ]
      },
      "r2": {
        "mean": 0.9066388178664905,
        "std": 0.02510776757183335,
        "all": [
          0.8717135134478248,
          0.8846429195298149,
          0.9196483827837637,
          0.9160439638616411,
          0.9411453097094082
        ]
      },
      "neg_mean_squared_error": {
        "mean": -2274.4055840374654,
        "std": 647.49331549122,
        "all": [
          -3186.9502531015505,
          -2813.4471911548094,
          -1771.0412358609794,
          -2167.715537647404,
          -1432.873702422585
        ]
      },
      "neg_mean_absolute_error": {
        "mean": -20.59363798421679,
        "std": 1.2441763240349168,
        "all": [
          -22.316026283987913,
          -21.85004160120846,
          -19.20423166163142,
          -19.774666495468278,
          -19.82322387878788
        ]
      },
      "neg_root_mean_squared_error": {
        "mean": -47.19816185552272,
        "std": 6.836600141689238,
        "all": [
          -56.453080102874374,
          -53.0419380410898,
          -42.08374075413187,
          -46.5587321310128,
          -37.85331824850478
        ]
      }
    }
  },
  "Gradient Boosting": {
    "test_report": {
      "r2": 0.953558428508778,
      "neg_mean_squared_error": -1111.9128009342464,
      "neg_mean_absolute_error": -22.06602384754829,
      "neg_root_mean_squared_error": -33.34535651232787
    },
    "train_report": {
      "r2": 0.9872797297727155,
      "neg_mean_squared_error": -309.4241770313717,
      "neg_mean_absolute_error": -12.005436879927027,
      "neg_root_mean_squared_error": -17.590456987564924
    },
    "cross_val_report": {
      "time": {
        "mean": 0.005244541168212891,
        "std": 0.0004819135672225301,
        "all": [
          0.005564212799072266,
          0.0052945613861083984,
          0.004724979400634766,
          0.004696846008300781,
          0.005942106246948242
        ]
      },
      "r2": {
        "mean": 0.9230807231328443,
        "std": 0.02306211751151863,
        "all": [
          0.94541620292208,
          0.8808960501639778,
          0.926919548484208,
          0.9201775728342437,
          0.9419942412597122
        ]
      },
      "neg_mean_squared_error": {
        "mean": -1868.9588184776737,
        "std": 574.1631735666326,
        "all": [
          -1355.9950902698683,
          -2904.8296971091186,
          -1610.7764554569987,
          -2060.98719733245,
          -1412.2056522199346
        ]
      },
      "neg_mean_absolute_error": {
        "mean": -25.501159059072645,
        "std": 1.2792286655216192,
        "all": [
          -24.39963539897906,
          -26.687998453438038,
          -25.672940238138903,
          -27.030565605832862,
          -23.714655598974364
        ]
      },
      "neg_root_mean_squared_error": {
        "mean": -42.76644238405818,
        "std": 6.323782435276013,
        "all": [
          -36.823838613999335,
          -53.89647202840941,
          -40.13447963356444,
          -45.39809684703148,
          -37.57932479728627
        ]
      }
    }
  },
  "Linear Regression": {
    "test_report": {
      "r2": 0.13831093362828173,
      "neg_mean_squared_error": -20630.72098033742,
      "neg_mean_absolute_error": -123.54477005665284,
      "neg_root_mean_squared_error": -143.63398267936952
    },
    "train_report": {
      "r2": 0.18126160359104193,
      "neg_mean_squared_error": -19916.043447679836,
      "neg_mean_absolute_error": -117.63509400455081,
      "neg_root_mean_squared_error": -141.12421283280852
    },
    "cross_val_report": {
      "time": {
        "mean": 0.006676244735717774,
        "std": 0.0010730099751967094,
        "all": [
          0.0056650638580322266,
          0.006841421127319336,
          0.008424043655395508,
          0.0054361820220947266,
          0.00701451301574707
        ]
      },
      "r2": {
        "mean": 0.17246157623257358,
        "std": 0.022281906693368075,
        "all": [
          0.1870189209887929,
          0.14401217569266067,
          0.1512501528868191,
          0.17595841365997622,
          0.20406821793461905
        ]
      },
      "neg_mean_squared_error": {
        "mean": -20086.950338559596,
        "std": 944.1172000801458,
        "all": [
          -20196.43943142667,
          -20876.711946456,
          -18707.414116170465,
          -21276.466023635236,
          -19377.720175109633
        ]
      },
      "neg_mean_absolute_error": {
        "mean": -118.18206477602239,
        "std": 2.150305529261995,
        "all": [
          -121.15692904133034,
          -118.04493824407945,
          -116.4377965284323,
          -119.93860365836855,
          -115.33205640790139
        ]
      },
      "neg_root_mean_squared_error": {
        "mean": -141.68908211369614,
        "std": 3.339812620174149,
        "all": [
          -142.11417744696223,
          -144.48775708154653,
          -136.77504931883763,
          -145.86454683587522,
          -139.20387988525906
        ]
      }
    }
  },
  "XGBRegressor": {
    "test_report": {
      "r2": 0.9685294921062847,
      "neg_mean_squared_error": -753.4727929165421,
      "neg_mean_absolute_error": -15.520801629043211,
      "neg_root_mean_squared_error": -27.449458882035216
    },