{
  "Random Forest": {
    "test_report": {
      "r2": 0.9675436796783319,
      "neg_mean_squared_error": -777.0752986622404,
      "neg_mean_absolute_error": -13.796256653551454,
      "neg_root_mean_squared_error": -27.87607035904165
    },
    "train_report": {
      "r2": 0.9938288661376151,
      "neg_mean_squared_error": -150.11457953330887,
      "neg_mean_absolute_error": -5.44679478814379,
      "neg_root_mean_squared_error": -12.252125510837248
    },
    "cross_val_report": {
      "time": {
        "mean": 0.06032824516296387,
        "std": 0.0013217710655626627,
        "all": [
          0.06003236770629883,
          0.059357643127441406,
          0.06290674209594727,
          0.059358835220336914,
          0.05998563766479492
        ]
      },
      "r2": {
        "mean": 0.94684767511553,
        "std": 0.030325316580541904,
        "all": [
          0.969411268011269,
          0.8884215779788344,
          0.9637758267192253,
          0.9460780939898962,
          0.9665516088784258
        ]
      },
      "neg_mean_squared_error": {
        "mean": -1297.2376503086743,
        "std": 749.359244159811,
        "all": [
          -759.8989556385884,
          -2721.2893803260663,
          -798.4220708660737,
          -1392.244784937625,
          -814.3330597750187
        ]
      },
      "neg_mean_absolute_error": {
        "mean": -16.351980151154812,
        "std": 1.7821173207212082,
        "all": [
          -14.93665715610845,
          -19.376672609339575,
          -14.581026549917825,
          -17.321162816335427,
          -15.544381624072798
        ]
      },
      "neg_root_mean_squared_error": {
        "mean": -34.76758507316876,
        "std": 9.40492841486032,
        "all": [
          -27.566264811152568,
          -52.16597914662454,
          -28.2563633694443,
          -37.31279653064917,
          -28.53652150797323
        ]
      }
    }
  },
  "Decision Tree": {
    "test_report": {
      "r2": 0.9563174190453099,
      "neg_mean_squared_error": -1045.8565328812576,
      "neg_mean_absolute_error": -16.059175240044436,
      "neg_root_mean_squared_error": -32.339705207086496
    },
    "train_report": {
      "r2": 0.9999994351031471,
      "neg_mean_squared_error": -0.013741275986585881,
      "neg_mean_absolute_error": -0.012704692020992295,
      "neg_root_mean_squared_error": -0.11722318877502813
    },
    "cross_val_report": {
      "time": {
        "mean": 0.002119016647338867,
        "std": 3.955806117698931e-05,
        "all": [
          0.002190828323364258,
          0.0021123886108398438,
          0.0020723342895507812,
          0.002121448516845703,
          0.00209808349609375
        ]
      },
      "r2": {
        "mean": 0.9171031093489038,
        "std": 0.017926068546805625,
        "all": [
          0.8932191312017844,
          0.9026002182286148,
          0.9163046594751099,
          0.9313311037647665,
          0.9420604340742436
        ]
      },
      "neg_mean_squared_error": {
        "mean": -2011.3051900375685,
        "std": 444.83618540247454,
        "all": [
          -2652.698082151245,
          -2375.4861108384234,
          -1844.740709077541,
          -1773.006923253284,
          -1410.5941248673478
        ]
      },
      "neg_mean_absolute_error": {
        "mean": -19.17176143117212,
        "std": 0.8633028907770145,
        "all": [
          -20.690431774663022,
          -19.074667096813037,
          -18.341398618758333,
          -18.353467755332783,
          -19.39884191029341
        ]
      },
      "neg_root_mean_squared_error": {
        "mean": -44.57174391007608,
        "std": 4.966370390150594,
        "all": [
          -51.504350128423575,
          -48.738958860837634,
          -42.95044480651558,
          -42.10708875300315,
          -37.557877001600446
        ]
      }
    }
  },
  "Gradient Boosting": {
    "test_report": {
      "r2": 0.9679940229307639,
      "neg_mean_squared_error": -766.2930961847004,
      "neg_mean_absolute_error": -16.116194380385664,
      "neg_root_mean_squared_error": -27.6819994975923
    },
    "train_report": {
      "r2": 0.9939387959452705,
      "neg_mean_squared_error": -147.44050581811115,
      "neg_mean_absolute_error": -7.84909381978641,
      "neg_root_mean_squared_error": -12.142508217749377
    },
    "cross_val_report": {
      "time": {
        "mean": 0.0048544883728027345,
        "std": 0.0002884726245169209,
        "all": [
          0.004914999008178711,
          0.004752159118652344,
          0.004644632339477539,
          0.005384206771850586,
          0.004576444625854492
        ]
      },
      "r2": {
        "mean": 0.9465562812933905,
        "std": 0.0212796914979373,
        "all": [
          0.9694421713631454,
          0.9126925995719026,
          0.9572217415690786,
          0.9312235375801465,
          0.9622013563826793
        ]
      },
      "neg_mean_squared_error": {
        "mean": -1305.4767816708093,
        "std": 543.7494177630454,
        "all": [
          -759.1312407550423,
          -2129.3427286844753,
          -942.8815785448868,
          -1775.7842445806234,
          -920.2441157890177
        ]
      },
      "neg_mean_absolute_error": {
        "mean": -18.538406283704678,
        "std": 1.5195568740029806,
        "all": [
          -16.951843152613748,
          -19.336314877573606,
          -17.58214588075298,
          -21.136353067155646,
          -17.685374440427402
        ]
      },
      "neg_root_mean_squared_error": {
        "mean": -35.37581914630175,
        "std": 7.350387840036697,
        "all": [
          -27.552336393762367,
          -46.14480175149174,
          -30.706376838449806,
          -42.140055108894,
          -30.335525638910852
        ]
      }
    }
  },
  "Linear Regression": {
    "test_report": {
      "r2": 0.9276074569789986,
      "neg_mean_squared_error": -1733.2358206795182,
      "neg_mean_absolute_error": -29.62193913836377,
      "neg_root_mean_squared_error": -41.63214888375951
    },
    "train_report": {
      "r2": 0.9191049036906898,
      "neg_mean_squared_error": -1967.7961359414746,
      "neg_mean_absolute_error": -27.94725903158665,
      "neg_root_mean_squared_error": -44.3598482407399
    },
    "cross_val_report": {
      "time": {
        "mean": 0.005391073226928711,
        "std": 0.001520037320293827,
        "all": [
          0.00823664665222168,
          0.0050411224365234375,
          0.004076957702636719,
          0.005474090576171875,
          0.004126548767089844
        ]
      },
      "r2": {
        "mean": -1.6614369898680926e+19,
        "std": 3.3228739797361857e+19,
        "all": [
          0.9364447341129133,
          0.8731021133137024,
          0.9023344246979891,
          -8.307184949340463e+19,
          0.9236033750576469
        ]
      },
      "neg_mean_squared_error": {
        "mean": -4.2897722944231396e+23,
        "std": 8.579544588846279e+23,
        "all": [
          -1578.8683293809713,
          -3094.916249664621,
          -2152.660608167518,
          -2.1448861472115699e+24,
          -1859.9488722692001
        ]
      },
      "neg_mean_absolute_error": {
        "mean": -16099712539.029917,
        "std": 32199425018.116856,
        "all": [
          -28.519549498372957,
          -31.627235176701614,
          -30.03448198666933,
          -80498562575.26363,
          -29.70469565798991
        ]
      },
      "neg_root_mean_squared_error": {
        "mean": -292908596511.13904,
        "std": 585817192929.8326,
        "all": [
          -39.7349761467271,
          -55.63197147023122,
          -46.396773682741326,
          -1464542982370.8042,
          -43.12712455368663
        ]
      }
    }
  },
  "XGBRegressor": {
    "test_report": {
      "r2": 0.9743300757830722,
      "neg_mean_squared_error": -614.5941323542215,
      "neg_mean_absolute_error": -12.86993599570399,