{
  "Random Forest": {
    "test_report": {
      "r2": 0.9670451715966303,
      "neg_mean_squared_error": -789.0106725011295,
      "neg_mean_absolute_error": -14.327925555159217,
      "neg_root_mean_squared_error": -28.089333785284577
    },
    "train_report": {
      "r2": 0.9949488604047877,
      "neg_mean_squared_error": -122.8704016811429,
      "neg_mean_absolute_error": -5.2682359268817995,
      "neg_root_mean_squared_error": -11.084692223113048
    },
    "cross_val_report": {
      "time": {
        "mean": 0.05644102096557617,
        "std": 0.0003678422532843361,
        "all": [
          0.05665016174316406,
          0.0563662052154541,
          0.05670166015625,
          0.05575299263000488,
          0.05673408508300781
        ]
      },
      "r2": {
        "mean": 0.9566985202775051,
        "std": 0.017395438374267786,
        "all": [
          0.9741387701986823,
          0.9270540790711924,
          0.964021826911344,
          0.9476387706074899,
          0.9706391545988163
        ]
      },
      "neg_mean_squared_error": {
        "mean": -1056.2605754718256,
        "std": 439.77788970329556,
        "all": [
          -642.4562327327172,
          -1779.0801874220235,
          -792.9999462173639,
          -1351.9486596224006,
          -714.8178513646233
        ]
      },
      "neg_mean_absolute_error": {
        "mean": -15.853026500626356,
        "std": 1.7261310834495325,
        "all": [
          -13.789422476810367,
          -17.926489353088765,
          -15.06012090111251,
          -17.888425247238466,
          -14.600674524881663
        ]
      },
      "neg_root_mean_squared_error": {
        "mean": -31.83821025110911,
        "std": 6.526020493225324,
        "all": [
          -25.346720354568898,
          -42.17914398635922,
          -28.160254725718726,
          -36.76885447797362,
          -26.73607771092505
        ]
      }
    }
  },
  "Decision Tree": {
    "test_report": {
      "r2": 0.9599334664313163,
      "neg_mean_squared_error": -959.2804492522764,
      "neg_mean_absolute_error": -15.828059516908215,
      "neg_root_mean_squared_error": -30.972252892747026
    },
    "train_report": {
      "r2": 1.0,
      "neg_mean_squared_error": -0.0,
      "neg_mean_absolute_error": -0.0,
      "neg_root_mean_squared_error": -0.0
    },
    "cross_val_report": {
      "time": {
        "mean": 0.0021540641784667967,
        "std": 4.200564594339179e-05,
        "all": [
          0.002163410186767578,
          0.0021791458129882812,
          0.0021009445190429688,
          0.0022139549255371094,
          0.002112865447998047
        ]
      },
      "r2": {
        "mean": 0.9261638365249014,
        "std": 0.015545497463936875,
        "all": [
          0.9442570136481004,
          0.9043574500918403,
          0.9234399492359898,
          0.9156475160398181,
          0.9431172536087585
        ]
      },
      "neg_mean_squared_error": {
        "mean": -1793.5416868913915,
        "std": 395.91161956344627,
        "all": [
          -1384.792188463051,
          -2332.62893181093,
          -1687.470789265876,
          -2177.9516819767537,
          -1384.8648429403481
        ]
      },
      "neg_mean_absolute_error": {
        "mean": -19.34386560382679,
        "std": 0.9770391649033071,
        "all": [
          -18.083975498489423,
          -20.4362150755287,
          -19.121768036253776,
          -20.504925075528703,
          -18.572444333333333
        ]
      },
      "neg_root_mean_squared_error": {
        "mean": -42.09424635321367,
        "std": 4.649312943473461,
        "all": [
          -37.2127960312451,
          -48.29729735514121,
          -41.07883626961548,
          -46.66852988874573,
          -37.21377222132081
        ]
      }
    }
  },
  "Gradient Boosting": {
    "test_report": {
      "r2": 0.9607478273189395,
      "neg_mean_squared_error": -939.7828683898475,
      "neg_mean_absolute_error": -19.506946475077413,
      "neg_root_mean_squared_error": -30.65587820288056
    },
    "train_report": {
      "r2": 0.9862226262684788,
      "neg_mean_squared_error": -335.13851925767165,
      "neg_mean_absolute_error": -11.119322122970074,
      "neg_root_mean_squared_error": -18.306788884391267
    },
    "cross_val_report": {
      "time": {
        "mean": 0.004269123077392578,
        "std": 5.276133665686489e-05,
        "all": [
          0.004225254058837891,
          0.004369258880615234,
          0.004251241683959961,
          0.0042285919189453125,
          0.004271268844604492
        ]
      },
      "r2": {
        "mean": 0.9499915638272135,
        "std": 0.01304179801488473,
        "all": [
          0.9724415402775746,
          0.9364044542590739,
          0.9515023748228424,
          0.9375334683928247,
          0.9520759813837524
        ]
      },
      "neg_mean_squared_error": {
        "mean": -1216.8432435933196,
        "std": 339.45866564710593,
        "all": [
          -684.6195772284441,
          -1551.0336149761486,
          -1068.9429411100882,
          -1612.8640342745884,
          -1166.756050377328
        ]
      },
      "neg_mean_absolute_error": {
        "mean": -19.623748912083002,
        "std": 1.6053706884148813,
        "all": [
          -17.455272260223012,
          -19.13202162955488,
          -19.006809356661133,
          -22.309110842416253,
          -20.215530471559717
        ]
      },
      "neg_root_mean_squared_error": {
        "mean": -34.51227649823862,
        "std": 5.074053064606785,
        "all": [
          -26.165236043812868,
          -39.38316410569558,
          -32.6946928584761,
          -40.16047851152409,
          -34.15781097168447
        ]
      }
    }
  },
  "Linear Regression": {
    "test_report": {
      "r2": 0.9217924120643874,
      "neg_mean_squared_error": -1872.4607149057156,
      "neg_mean_absolute_error": -30.538738711917897,
      "neg_root_mean_squared_error": -43.27193911654198
    },
    "train_report": {
      "r2": 0.9072054965249875,
      "neg_mean_squared_error": -2257.2525864428912,
      "neg_mean_absolute_error": -30.508717425001667,
      "neg_root_mean_squared_error": -47.51055236937255
    },
    "cross_val_report": {
      "time": {
        "mean": 0.0032644748687744142,
        "std": 4.863537989931306e-05,
        "all": [
          0.003275156021118164,
          0.0033071041107177734,
          0.0031905174255371094,
          0.003228902816772461,
          0.0033206939697265625
        ]
      },
      "r2": {
        "mean": -8360917048857.033,
        "std": 16721834097715.86,
        "all": [
          0.9253230206920597,
          0.8601034978197228,
          0.8846215584742894,
          -41804585244288.75,
          0.9172381619342219
        ]
      },
      "neg_mean_squared_error": {
        "mean": -2.1587595876873312e+17,
        "std": 4.3175191753746125e+17,
        "all": [
          -1855.1589064644481,
          -3411.939861057855,
          -2543.072370547361,
          -1.0793797938436557e+18,
          -2014.9160711421955
        ]
      },
      "neg_mean_absolute_error": {
        "mean": -11421006.438826632,
        "std": 22841948.078047276,
        "all": [
          -31.386723496991017,
          -33.700662533510325,
          -33.38910085974564,
          -57104902.594921134,
          -31.122725132491436
        ]
      },
      "neg_root_mean_squared_error": {
        "mean": -207786448.3326563,
        "std": 415572798.26527804,
        "all": [
          -43.07155565410249,
          -58.411812684232416,
          -50.428884288147415,
          -1038932044.8632122,
          -44.887816511189264
        ]
      }
    }
  },
  "XGBRegressor": {
    "test_report": {
      "r2": 0.9735389064849929,
      "neg_mean_squared_error": -633.5364558371122,
      "neg_mean_absolute_error": -13.878986344777147,
      "neg_root_mean_squared_error": -25.170150095641308
    },