{
  "Random Forest": {
    "test_report": {
      "f1": 0.9312977099236641,
      "accuracy": 0.9347826086956522,
      "roc_auc": 0.9347266429507582,
      "precision": 0.9289340101522843,
      "recall": 0.9336734693877551
    },
    "train_report": {
      "f1": 0.927143778207608,
      "accuracy": 0.9316807738814994,
      "roc_auc": 0.9311491521445754,
      "precision": 0.9325551232166018,
      "recall": 0.9217948717948717
    },
    "cross_val_report": {
      "time": {
        "mean": 0.012392854690551758,
        "std": 0.001030519618261753,
        "all": [
          0.011485099792480469,
          0.012760400772094727,
          0.014246940612792969,
          0.011893987655639648,
          0.011577844619750977
        ]
      },
      "f1": {
        "mean": 0.9212323170732262,
        "std": 0.008167076668592326,
        "all": [
          0.9245901639344263,
          0.9054054054054054,
          0.9235668789808917,
          0.9235668789808917,
          0.9290322580645162
        ]
      },
      "precision": {
        "mean": 0.934791911002938,
        "std": 0.015588924936623949,
        "all": [
          0.9463087248322147,
          0.9571428571428572,
          0.9177215189873418,
          0.9177215189873418,
          0.935064935064935
        ]
      },
      "recall": {
        "mean": 0.9089743589743591,
        "std": 0.02670854699487139,
        "all": [
          0.9038461538461539,
          0.8589743589743589,
          0.9294871794871795,
          0.9294871794871795,
          0.9230769230769231
        ]
      },
      "roc_auc": {
        "mean": 0.9815759757483896,
        "std": 0.0037573745207080465,
        "all": [
          0.9765384615384616,
          0.9796703296703296,
          0.9824725274725274,
          0.9812454212454212,
          0.9879531388152079
        ]
      },
      "accuracy": {
        "mean": 0.926847935548842,
        "std": 0.006118883534093756,
        "all": [
          0.9305135951661632,
          0.9154078549848943,
          0.9274924471299094,
          0.9274924471299094,
          0.9333333333333333
        ]
      }
    }
  },
  "Decision Tree": {
    "test_report": {
      "f1": 0.9312977099236641,
      "accuracy": 0.9347826086956522,
      "roc_auc": 0.9347266429507582,
      "precision": 0.9289340101522843,
      "recall": 0.9336734693877551
    },
    "train_report": {
      "f1": 0.927143778207608,
      "accuracy": 0.9316807738814994,
      "roc_auc": 0.9311491521445754,
      "precision": 0.9325551232166018,
      "recall": 0.9217948717948717
    },
    "cross_val_report": {
      "time": {
        "mean": 0.00854177474975586,
        "std": 0.00018471254728673418,
        "all": [
          0.008585929870605469,
          0.00844717025756836,
          0.008883953094482422,
          0.008401155471801758,
          0.008390665054321289
        ]
      },
      "f1": {
        "mean": 0.9164910810782361,
        "std": 0.017072271887256303,
        "all": [
          0.9210526315789473,
          0.8827586206896552,
          0.9260450160771704,
          0.9235668789808917,
          0.9290322580645162
        ]
      },
      "precision": {
        "mean": 0.9365977077319508,
        "std": 0.013040090456328831,
        "all": [
          0.9459459459459459,
          0.9552238805970149,
          0.9290322580645162,
          0.9177215189873418,
          0.935064935064935
        ]
      },
      "recall": {
        "mean": 0.8987179487179489,
        "std": 0.04062302440449967,
        "all": [
          0.8974358974358975,
          0.8205128205128205,
          0.9230769230769231,
          0.9294871794871795,
          0.9230769230769231
        ]
      },
      "roc_auc": {
        "mean": 0.9817110437455266,
        "std": 0.003352783609939915,
        "all": [
          0.9779670329670329,
          0.9790109890109889,
          0.9825824175824176,
          0.9814468864468864,
          0.9875478927203065
        ]
      },
      "accuracy": {
        "mean": 0.9232225579053374,
        "std": 0.013151555518977488,
        "all": [
          0.9274924471299094,
          0.8972809667673716,
          0.9305135951661632,
          0.9274924471299094,
          0.9333333333333333
        ]
      }
    }
  },
  "Gradient Boosting": {
    "test_report": {
      "f1": 0.9312977099236641,
      "accuracy": 0.9347826086956522,
      "roc_auc": 0.9347266429507582,
      "precision": 0.9289340101522843,
      "recall": 0.9336734693877551
    },
    "train_report": {
      "f1": 0.927143778207608,
      "accuracy": 0.9316807738814994,
      "roc_auc": 0.9311491521445754,
      "precision": 0.9325551232166018,
      "recall": 0.9217948717948717
    },
    "cross_val_report": {
      "time": {
        "mean": 0.013980817794799805,
        "std": 0.0006964816370719336,
        "all": [
          0.01362299919128418,
          0.015373706817626953,
          0.013643741607666016,
          0.013627290725708008,
          0.013636350631713867
        ]
      },
      "f1": {
        "mean": 0.9153974378793299,
        "std": 0.01691949384039951,
        "all": [
          0.9155844155844156,
          0.8827586206896552,
          0.9260450160771704,
          0.9235668789808917,
          0.9290322580645162
        ]
      },
      "precision": {
        "mean": 0.9329348343322353,
        "std": 0.012459040858032292,
        "all": [
          0.9276315789473685,
          0.9552238805970149,
          0.9290322580645162,
          0.9177215189873418,
          0.935064935064935
        ]
      },
      "recall": {
        "mean": 0.9000000000000001,
        "std": 0.040663465454240294,
        "all": [
          0.9038461538461539,
          0.8205128205128205,
          0.9230769230769231,
          0.9294871794871795,
          0.9230769230769231
        ]
      },
      "roc_auc": {
        "mean": 0.9820336827923034,
        "std": 0.003235171947923792,
        "all": [
          0.9807142857142856,
          0.978003663003663,
          0.9811355311355312,
          0.9825091575091576,
          0.98780577659888
        ]
      },
      "accuracy": {
        "mean": 0.9220140986908358,
        "std": 0.012980174625348156,
        "all": [
          0.9214501510574018,
          0.8972809667673716,
          0.9305135951661632,
          0.9274924471299094,
          0.9333333333333333
        ]
      }
    }
  },
  "Logistic Regression": {
    "test_report": {
      "f1": 0.658307210031348,
      "accuracy": 0.7367149758454107,
      "roc_auc": 0.726572739187418,
      "precision": 0.8536585365853658,
      "recall": 0.5357142857142857
    },
    "train_report": {
      "f1": 0.6661608497723824,
      "accuracy": 0.7339782345828295,
      "roc_auc": 0.7247741008038491,
      "precision": 0.8159851301115242,
      "recall": 0.5628205128205128
    },
    "cross_val_report": {
      "time": {
        "mean": 0.008517837524414063,
        "std": 0.00016688895901815614,
        "all": [
          0.00841069221496582,
          0.008342742919921875,
          0.008673906326293945,
          0.008760929107666016,
          0.008400917053222656
        ]
      },
      "f1": {
        "mean": 0.6708072725727098,
        "std": 0.018492064554175947,
        "all": [
          0.7032967032967034,
          0.6692307692307692,
          0.6666666666666666,
          0.6456692913385826,
          0.6691729323308271
        ]
      },
      "precision": {
        "mean": 0.8139087103372816,
        "std": 0.02581382317381308,
        "all": [
          0.8205128205128205,
          0.8365384615384616,
          0.7666666666666667,
          0.8367346938775511,
          0.8090909090909091
        ]
      },
      "recall": {
        "mean": 0.5717948717948718,
        "std": 0.03017590332292262,