{
  "Random Forest": {
    "test_report": {
      "f1": 0.9591836734693877,
      "accuracy": 0.961352657004831,
      "roc_auc": 0.9612432128814828,
      "precision": 0.9591836734693877,
      "recall": 0.9591836734693877
    },
    "train_report": {
      "f1": 1.0,
      "accuracy": 1.0,
      "roc_auc": 1.0,
      "precision": 1.0,
      "recall": 1.0
    },
    "cross_val_report": {
      "time": {
        "mean": 0.01947751045227051,
        "std": 0.00016822505426911477,
        "all": [
          0.01947307586669922,
          0.019473791122436523,
          0.01945805549621582,
          0.01922607421875,
          0.019756555557250977
        ]
      },
      "f1": {
        "mean": 0.9556315383084154,
        "std": 0.007901148837840414,
        "all": [
          0.9617834394904459,
          0.9579288025889967,
          0.9426751592356688,
          0.9511400651465798,
          0.9646302250803859
        ]
      },
      "precision": {
        "mean": 0.9588709354862924,
        "std": 0.01196316191386486,
        "all": [
          0.9556962025316456,
          0.9673202614379085,
          0.9367088607594937,
          0.9668874172185431,
          0.967741935483871
        ]
      },
      "recall": {
        "mean": 0.9525641025641025,
        "std": 0.011176663957796608,
        "all": [
          0.967948717948718,
          0.9487179487179487,
          0.9487179487179487,
          0.9358974358974359,
          0.9615384615384616
        ]
      },
      "roc_auc": {
        "mean": 0.9913801945181258,
        "std": 0.0029947358354273645,
        "all": [
          0.9913003663003663,
          0.9926739926739927,
          0.9872161172161172,
          0.9895787545787547,
          0.9961317418213971
        ]
      },
      "accuracy": {
        "mean": 0.9582880161127895,
        "std": 0.007475644132463,
        "all": [
          0.9637462235649547,
          0.9607250755287009,
          0.945619335347432,
          0.9546827794561934,
          0.9666666666666667
        ]
      }
    }
  },
  "Decision Tree": {
    "test_report": {
      "f1": 0.9744897959183674,
      "accuracy": 0.9758454106280193,
      "roc_auc": 0.9757770080509268,
      "precision": 0.9744897959183674,
      "recall": 0.9744897959183674
    },
    "train_report": {
      "f1": 1.0,
      "accuracy": 1.0,
      "roc_auc": 1.0,
      "precision": 1.0,
      "recall": 1.0
    },
    "cross_val_report": {
      "time": {
        "mean": 0.009003925323486327,
        "std": 0.0005907396087336555,
        "all": [
          0.008747100830078125,
          0.008648395538330078,
          0.010183572769165039,
          0.008716583251953125,
          0.008723974227905273
        ]
      },
      "f1": {
        "mean": 0.9494825467551917,
        "std": 0.009331294588261452,
        "all": [
          0.9363057324840764,
          0.9615384615384616,
          0.9554140127388535,
          0.9411764705882353,
          0.9529780564263323
        ]
      },
      "precision": {
        "mean": 0.9467601268809623,
        "std": 0.013203942911341261,
        "all": [
          0.930379746835443,
          0.9615384615384616,
          0.9493670886075949,
          0.96,
          0.9325153374233128
        ]
      },
      "recall": {
        "mean": 0.9525641025641025,
        "std": 0.017948717948717934,
        "all": [
          0.9423076923076923,
          0.9615384615384616,
          0.9615384615384616,
          0.9230769230769231,
          0.9743589743589743
        ]
      },
      "roc_auc": {
        "mean": 0.952245926487306,
        "std": 0.008843818682525054,
        "all": [
          0.9397252747252747,
          0.9636263736263738,
          0.957912087912088,
          0.9443956043956044,
          0.9555702917771884
        ]
      },
      "accuracy": {
        "mean": 0.9522383960450427,
        "std": 0.008622604791289077,
        "all": [
          0.9395770392749244,
          0.9637462235649547,
          0.9577039274924471,
          0.945619335347432,
          0.9545454545454546
        ]
      }
    }
  },
  "Gradient Boosting": {
    "test_report": {
      "f1": 0.9642857142857143,
      "accuracy": 0.966183574879227,
      "roc_auc": 0.9660878112712975,
      "precision": 0.9642857142857143,
      "recall": 0.9642857142857143
    },
    "train_report": {
      "f1": 0.9903660886319846,
      "accuracy": 0.9909310761789601,
      "roc_auc": 0.9907982749515931,
      "precision": 0.9922779922779923,
      "recall": 0.9884615384615385
    },
    "cross_val_report": {
      "time": {
        "mean": 0.011638689041137695,
        "std": 3.6649953378250174e-05,
        "all": [
          0.011659860610961914,
          0.011594772338867188,
          0.011632204055786133,
          0.011609315872192383,
          0.01169729232788086
        ]
      },
      "f1": {
        "mean": 0.9542678009417678,
        "std": 0.012801435681218404,
        "all": [
          0.932475884244373,
          0.9576547231270358,
          0.9650793650793651,
          0.9483870967741935,
          0.967741935483871
        ]
      },
      "precision": {
        "mean": 0.9587080152162601,
        "std": 0.014268109013885871,
        "all": [
          0.9354838709677419,
          0.9735099337748344,
          0.9559748427672956,
          0.9545454545454546,
          0.974025974025974
        ]
      },
      "recall": {
        "mean": 0.95,
        "std": 0.015909838007680577,
        "all": [
          0.9294871794871795,
          0.9423076923076923,
          0.9743589743589743,
          0.9423076923076923,
          0.9615384615384616
        ]
      },
      "roc_auc": {
        "mean": 0.9903717317165593,
        "std": 0.003411373894017853,
        "all": [
          0.9882051282051281,
          0.9928388278388279,
          0.9854029304029305,
          0.9902747252747253,
          0.9951370468611848
        ]
      },
      "accuracy": {
        "mean": 0.9570813878970978,
        "std": 0.011974284257266134,
        "all": [
          0.9365558912386707,
          0.9607250755287009,
          0.9667673716012085,
          0.9516616314199395,
          0.9696969696969697
        ]
      }
    }
  },
  "Logistic Regression": {
    "test_report": {
      "f1": 0.9669211195928753,
      "accuracy": 0.9685990338164251,
      "roc_auc": 0.9686388316794606,
      "precision": 0.9644670050761421,
      "recall": 0.9693877551020408
    },
    "train_report": {
      "f1": 0.9533546325878595,
      "accuracy": 0.9558645707376058,
      "roc_auc": 0.955893915390483,
      "precision": 0.9503184713375796,
      "recall": 0.9564102564102565
    },
    "cross_val_report": {
      "time": {
        "mean": 0.017468976974487304,
        "std": 0.00016937242434900135,
        "all": [
          0.017771244049072266,
          0.017397403717041016,
          0.017425060272216797,
          0.017258167266845703,
          0.017493009567260742
        ]
      },
      "f1": {
        "mean": 0.9440876465982356,
        "std": 0.00801602920701631,
        "all": [
          0.9456869009584664,
          0.9306930693069307,
          0.9556962025316456,
          0.9456869009584664,
          0.9426751592356688
        ]
      },
      "precision": {
        "mean": 0.9449985705400437,
        "std": 0.007513878385146915,
        "all": [
          0.9426751592356688,
          0.9591836734693877,
          0.94375,
          0.9426751592356688,
          0.9367088607594937
        ]
      },
      "recall": {
        "mean": 0.9435897435897436,
        "std": 0.02122172481698313,
        "all": [
          0.9487179487179487,
          0.9038461538461539,
          0.967948717948718,
          0.9487179487179487,
          0.9487179487179487
        ]
      },
      "roc_auc": {
        "mean": 0.989793019241295,
        "std": 0.0016611718483665883,