{
  "Random Forest": {
    "test_report": {
      "r2": 0.9049730737371877,
      "neg_mean_squared_error": -2275.1524625954385,
      "neg_mean_absolute_error": -27.927691415779726,
      "neg_root_mean_squared_error": -47.69855828634067
    },
    "train_report": {
      "r2": 0.983619526565119,
      "neg_mean_squared_error": -398.45965702053326,
      "neg_mean_absolute_error": -10.366188074388791,
      "neg_root_mean_squared_error": -19.96145428120239
    },
    "cross_val_report": {
      "time": {
        "mean": 0.056164121627807616,
        "std": 0.0006566978698855407,
        "all": [
          0.056523799896240234,
          0.05689525604248047,
          0.055429935455322266,
          0.05531883239746094,
          0.05665278434753418
        ]
      },
      "r2": {
        "mean": 0.8674761172477394,
        "std": 0.0248221312977731,
        "all": [
          0.8788980292272971,
          0.8265157830242297,
          0.8872747632255011,
          0.8519368903285036,
          0.892755120433166
        ]
      },
      "neg_mean_squared_error": {
        "mean": -3231.6181085094386,
        "std": 684.3509797240821,
        "all": [
          -3008.469300062986,
          -4231.111614222261,
          -2484.5927134555463,
          -3822.9377916122307,
          -2610.9791231941704
        ]
      },
      "neg_mean_absolute_error": {
        "mean": -29.96041652853295,
        "std": 2.061335378761522,
        "all": [
          -29.840700088451182,
          -31.42207739328617,
          -26.71755824407579,
          -32.75096402750894,
          -29.070782889342667
        ]
      },
      "neg_root_mean_squared_error": {
        "mean": -56.53397010693336,
        "std": 5.960564776747584,
        "all": [
          -54.84951503945123,
          -65.0469954280923,
          -49.84568901575688,
          -61.829910169854124,
          -51.09774088151227
        ]
      }
    }
  },
  "Decision Tree": {
    "test_report": {
      "r2": 0.8320047341767898,
      "neg_mean_squared_error": -4022.1741118404175,
      "neg_mean_absolute_error": -29.68436540449352,
      "neg_root_mean_squared_error": -63.42061267317131
    },
    "train_report": {
      "r2": 0.9999996026755146,
      "neg_mean_squared_error": -0.00966503067230641,
      "neg_mean_absolute_error": -0.01178668133529107,
      "neg_root_mean_squared_error": -0.09831088786246624
    },
    "cross_val_report": {
      "time": {
        "mean": 0.0020436763763427733,
        "std": 0.0001023754387165211,
        "all": [
          0.0021216869354248047,
          0.001969575881958008,
          0.0019559860229492188,
          0.0022072792053222656,
          0.0019638538360595703
        ]
      },
      "r2": {
        "mean": 0.7962085759152513,
        "std": 0.058503525308773625,
        "all": [
          0.8161227106824257,
          0.6814172387126203,
          0.820231549326789,
          0.8165953385254124,
          0.8466760423290088
        ]
      },
      "neg_mean_squared_error": {
        "mean": -4953.690056547894,
        "std": 1456.0886852203582,
        "all": [
          -4567.961828870698,
          -7769.924232140919,
          -3962.301570014498,
          -4735.444318741239,
          -3732.818332972116
        ]
      },
      "neg_mean_absolute_error": {
        "mean": -32.063936702083424,
        "std": 2.3090180092237165,
        "all": [
          -33.10117194188105,
          -35.82857834347576,
          -29.284307392761235,
          -30.147728531793987,
          -31.957897300505053
        ]
      },
      "neg_root_mean_squared_error": {
        "mean": -69.71840944698317,
        "std": 9.645384426278769,
        "all": [
          -67.58669860905101,
          -88.14717370478148,
          -62.946815408045055,
          -68.81456472826983,
          -61.096794784768505
        ]
      }
    }
  },
  "Gradient Boosting": {
    "test_report": {
      "r2": 0.9033683338000762,
      "neg_mean_squared_error": -2313.573446661016,
      "neg_mean_absolute_error": -29.9341794991127,
      "neg_root_mean_squared_error": -48.09962002616046
    },
    "train_report": {
      "r2": 0.982966527831375,
      "neg_mean_squared_error": -414.34403621854,
      "neg_mean_absolute_error": -13.36569749444748,
      "neg_root_mean_squared_error": -20.35544242256945
    },
    "cross_val_report": {
      "time": {
        "mean": 0.004727554321289062,
        "std": 0.00040363963791271556,
        "all": [
          0.0045452117919921875,
          0.0055277347564697266,
          0.004465579986572266,
          0.004617214202880859,
          0.0044820308685302734
        ]
      },
      "r2": {
        "mean": 0.8627143957249117,
        "std": 0.02482918540678294,
        "all": [
          0.8838720782805711,
          0.8236975147090275,
          0.8461480883887565,
          0.868848397766979,
          0.8910058994792239
        ]
      },
      "neg_mean_squared_error": {
        "mean": -3323.134770613587,
        "std": 566.2050113760408,
        "all": [
          -2884.9017496895176,
          -4299.846442141,
          -3391.071506952722,
          -3386.288574645767,
          -2653.5655796389306
        ]
      },
      "neg_mean_absolute_error": {
        "mean": -32.73040333308615,
        "std": 1.7148299642044231,
        "all": [
          -32.87576344349725,
          -33.11967466918792,
          -34.46333950850766,
          -33.712812808157636,
          -29.48042623608027
        ]
      },
      "neg_root_mean_squared_error": {
        "mean": -57.4443999783086,
        "std": 4.824487718471909,
        "all": [
          -53.711281400554185,
          -65.57321436486852,
          -58.23290742314625,
          -58.19182566860888,
          -51.512771034365166
        ]
      }
    }
  },
  "Linear Regression": {
    "test_report": {
      "r2": 0.3060598743105848,
      "neg_mean_squared_error": -16614.444431145555,
      "neg_mean_absolute_error": -107.6837900660768,
      "neg_root_mean_squared_error": -128.89703034261711
    },
    "train_report": {
      "r2": 0.30371381666175457,
      "neg_mean_squared_error": -16937.358673058974,
      "neg_mean_absolute_error": -107.42238895030698,
      "neg_root_mean_squared_error": -130.14360788397937
    },
    "cross_val_report": {
      "time": {
        "mean": 0.003006744384765625,
        "std": 3.0492011924468644e-05,
        "all": [
          0.0030663013458251953,
          0.0029876232147216797,
          0.0030045509338378906,
          0.002987384796142578,
          0.0029878616333007812
        ]
      },
      "r2": {
        "mean": 0.2968037115883052,
        "std": 0.027629550605334754,
        "all": [
          0.3304463143931726,
          0.24669924507319807,
          0.2987040418968041,
          0.3097874451586129,
          0.29838151141973845
        ]
      },
      "neg_mean_squared_error": {
        "mean": -17073.12167685394,
        "std": 1005.1205339674905,
        "all": [
          -16633.35200112372,
          -18372.274024318558,
          -15457.362320424123,
          -17821.047160245704,
          -17081.572878157604
        ]
      },
      "neg_mean_absolute_error": {
        "mean": -107.86572136253544,
        "std": 2.5571357537893173,
        "all": [
          -108.48418973489866,
          -110.25364508585585,
          -102.91121770809407,
          -109.12731644007434,
          -108.55223784375421
        ]
      },
      "neg_root_mean_squared_error": {
        "mean": -130.60686847858136,
        "std": 3.868796075329843,
        "all": [
          -128.97035318678365,
          -135.54436183153675,
          -124.32764101527916,
          -133.49549490617915,
          -130.69649145312817
        ]
      }
    }
  },
  "XGBRegressor": {
    "test_report": {
      "r2": 0.9047846880358358,
      "neg_mean_squared_error": -2279.662828332862,
      "neg_mean_absolute_error": -27.80176071504234,