{
  "Random Forest": {
    "test_report": {
      "f1": 0.8974358974358975,
      "accuracy": 0.9033816425120773,
      "roc_auc": 0.9028505897771952,
      "precision": 0.9020618556701031,
      "recall": 0.8928571428571429
    },
    "train_report": {
      "f1": 1.0,
      "accuracy": 1.0,
      "roc_auc": 1.0,
      "precision": 1.0,
      "recall": 1.0
    },
    "cross_val_report": {
      "time": {
        "mean": 0.09777693748474121,
        "std": 0.0007448609953620485,
        "all": [
          0.0974733829498291,
          0.09710836410522461,
          0.09732484817504883,
          0.09777617454528809,
          0.09920191764831543
        ]
      },
      "f1": {
        "mean": 0.9153837887541773,
        "std": 0.004056247498753434,
        "all": [
          0.9166666666666666,
          0.9169435215946844,
          0.9073482428115016,
          0.9177215189873418,
          0.9182389937106918
        ]
      },
      "precision": {
        "mean": 0.91606679424501,
        "std": 0.018562977112695497,
        "all": [
          0.9166666666666666,
          0.9517241379310345,
          0.9044585987261147,
          0.90625,
          0.9012345679012346
        ]
      },
      "recall": {
        "mean": 0.9153846153846154,
        "std": 0.017856908047671968,
        "all": [
          0.9166666666666666,
          0.8846153846153846,
          0.9102564102564102,
          0.9294871794871795,
          0.9358974358974359
        ]
      },
      "roc_auc": {
        "mean": 0.9807188539429917,
        "std": 0.002256473966186884,
        "all": [
          0.9823626373626373,
          0.9827289377289377,
          0.9764835164835165,
          0.9804578754578754,
          0.9815613026819924
        ]
      },
      "accuracy": {
        "mean": 0.9201940858738442,
        "std": 0.004085131920761358,
        "all": [
          0.9214501510574018,
          0.9244712990936556,
          0.9123867069486404,
          0.9214501510574018,
          0.9212121212121213
        ]
      }
    }
  },
  "Decision Tree": {
    "test_report": {
      "f1": 0.8969072164948454,
      "accuracy": 0.9033816425120773,
      "roc_auc": 0.9025931473506834,
      "precision": 0.90625,
      "recall": 0.8877551020408163
    },
    "train_report": {
      "f1": 1.0,
      "accuracy": 1.0,
      "roc_auc": 1.0,
      "precision": 1.0,
      "recall": 1.0
    },
    "cross_val_report": {
      "time": {
        "mean": 0.010083484649658202,
        "std": 0.0008855382830278153,
        "all": [
          0.009409189224243164,
          0.009266853332519531,
          0.00999593734741211,
          0.011751890182495117,
          0.009993553161621094
        ]
      },
      "f1": {
        "mean": 0.8983163178543322,
        "std": 0.004734962036787665,
        "all": [
          0.8974358974358975,
          0.9013157894736842,
          0.8980891719745223,
          0.890282131661442,
          0.9044585987261147
        ]
      },
      "precision": {
        "mean": 0.8970832915579363,
        "std": 0.017401060023138203,
        "all": [
          0.8974358974358975,
          0.9256756756756757,
          0.8924050632911392,
          0.8711656441717791,
          0.8987341772151899
        ]
      },
      "recall": {
        "mean": 0.9,
        "std": 0.011889254481404746,
        "all": [
          0.8974358974358975,
          0.8782051282051282,
          0.9038461538461539,
          0.9102564102564102,
          0.9102564102564102
        ]
      },
      "roc_auc": {
        "mean": 0.9036617405582923,
        "std": 0.00489045421798214,
        "all": [
          0.903003663003663,
          0.9076739926739927,
          0.9033516483516483,
          0.8951282051282051,
          0.9091511936339522
        ]
      },
      "accuracy": {
        "mean": 0.9038725624828343,
        "std": 0.005484750746000152,
        "all": [
          0.9033232628398792,
          0.9093655589123867,
          0.9033232628398792,
          0.8942598187311178,
          0.9090909090909091
        ]
      }
    }
  },
  "Gradient Boosting": {
    "test_report": {
      "f1": 0.8940568475452196,
      "accuracy": 0.9009661835748792,
      "roc_auc": 0.9000421269425202,
      "precision": 0.9057591623036649,
      "recall": 0.8826530612244898
    },
    "train_report": {
      "f1": 0.9560723514211886,
      "accuracy": 0.9588875453446191,
      "roc_auc": 0.9583406677228187,
      "precision": 0.9635416666666666,
      "recall": 0.9487179487179487
    },
    "cross_val_report": {
      "time": {
        "mean": 0.011176252365112304,
        "std": 0.00019317099967430609,
        "all": [
          0.011155843734741211,
          0.011016607284545898,
          0.011547327041625977,
          0.011129379272460938,
          0.0110321044921875
        ]
      },
      "f1": {
        "mean": 0.9101672774468341,
        "std": 0.00981141428142494,
        "all": [
          0.9171974522292994,
          0.891156462585034,
          0.9125,
          0.9119496855345912,
          0.9180327868852459
        ]
      },
      "precision": {
        "mean": 0.9171141427304919,
        "std": 0.023583444080971315,
        "all": [
          0.9113924050632911,
          0.9492753623188406,
          0.8902439024390244,
          0.8950617283950617,
          0.9395973154362416
        ]
      },
      "recall": {
        "mean": 0.9051282051282052,
        "std": 0.03520392363524611,
        "all": [
          0.9230769230769231,
          0.8397435897435898,
          0.9358974358974359,
          0.9294871794871795,
          0.8974358974358975
        ]
      },
      "roc_auc": {
        "mean": 0.9792101174687382,
        "std": 0.004106135172746738,
        "all": [
          0.9809890109890109,
          0.9805860805860807,
          0.9734615384615384,
          0.9758791208791209,
          0.9851348364279399
        ]
      },
      "accuracy": {
        "mean": 0.9159663096218986,
        "std": 0.00719773527156055,
        "all": [
          0.9214501510574018,
          0.9033232628398792,
          0.9154078549848943,
          0.9154078549848943,
          0.9242424242424242
        ]
      }
    }
  },
  "Logistic Regression": {
    "test_report": {
      "f1": 0.9285714285714286,
      "accuracy": 0.9323671497584541,
      "roc_auc": 0.932175622542595,
      "precision": 0.9285714285714286,
      "recall": 0.9285714285714286
    },
    "train_report": {
      "f1": 0.927143778207608,
      "accuracy": 0.9316807738814994,
      "roc_auc": 0.9311491521445754,
      "precision": 0.9325551232166018,
      "recall": 0.9217948717948717
    },
    "cross_val_report": {
      "time": {
        "mean": 0.019014835357666016,
        "std": 0.0035186272644141914,
        "all": [
          0.016836881637573242,
          0.021359682083129883,
          0.024827241897583008,
          0.015995025634765625,
          0.01605534553527832
        ]
      },
      "f1": {
        "mean": 0.9162239397530005,
        "std": 0.013657702849592106,
        "all": [
          0.9150326797385621,
          0.8904109589041096,
          0.9230769230769231,
          0.9235668789808917,
          0.9290322580645162
        ]
      },
      "precision": {
        "mean": 0.9330158126807419,
        "std": 0.013113926425973088,
        "all": [
          0.9333333333333333,
          0.9558823529411765,
          0.9230769230769231,
          0.9177215189873418,
          0.935064935064935
        ]
      },
      "recall": {
        "mean": 0.9012820512820514,
        "std": 0.035713816095343895,
        "all": [
          0.8974358974358975,
          0.8333333333333334,
          0.9230769230769231,
          0.9294871794871795,
          0.9230769230769231
        ]
      },
      "roc_auc": {
        "mean": 0.9809153298808472,
        "std": 0.0032516042977261696,