{
  "Random Forest": {
    "test_report": {
      "f1": 0.9030612244897959,
      "accuracy": 0.9082125603864735,
      "roc_auc": 0.9079526305935217,
      "precision": 0.9030612244897959,
      "recall": 0.9030612244897959
    },
    "train_report": {
      "f1": 1.0,
      "accuracy": 1.0,
      "roc_auc": 1.0,
      "precision": 1.0,
      "recall": 1.0
    },
    "cross_val_report": {
      "time": {
        "mean": 0.08390650749206544,
        "std": 0.0012174480277862276,
        "all": [
          0.08453655242919922,
          0.08494377136230469,
          0.08153319358825684,
          0.0844271183013916,
          0.0840919017791748
        ]
      },
      "f1": {
        "mean": 0.917094758629346,
        "std": 0.00673692604451823,
        "all": [
          0.9230769230769231,
          0.9102990033222591,
          0.910828025477707,
          0.9142857142857143,
          0.926984126984127
        ]
      },
      "precision": {
        "mean": 0.9193734342984486,
        "std": 0.014530965293698423,
        "all": [
          0.9230769230769231,
          0.9448275862068966,
          0.9050632911392406,
          0.9056603773584906,
          0.9182389937106918
        ]
      },
      "recall": {
        "mean": 0.9153846153846155,
        "std": 0.01961161351381842,
        "all": [
          0.9230769230769231,
          0.8782051282051282,
          0.9166666666666666,
          0.9230769230769231,
          0.9358974358974359
        ]
      },
      "roc_auc": {
        "mean": 0.9795681234474338,
        "std": 0.002748660785280678,
        "all": [
          0.982032967032967,
          0.9822344322344323,
          0.975915750915751,
          0.9765750915750916,
          0.9810823754789272
        ]
      },
      "accuracy": {
        "mean": 0.922012267692026,
        "std": 0.005797705579842319,
        "all": [
          0.9274924471299094,
          0.918429003021148,
          0.9154078549848943,
          0.918429003021148,
          0.9303030303030303
        ]
      }
    }
  },
  "Decision Tree": {
    "test_report": {
      "f1": 0.898989898989899,
      "accuracy": 0.9033816425120773,
      "roc_auc": 0.9036229170567309,
      "precision": 0.89,
      "recall": 0.9081632653061225
    },
    "train_report": {
      "f1": 1.0,
      "accuracy": 1.0,
      "roc_auc": 1.0,
      "precision": 1.0,
      "recall": 1.0
    },
    "cross_val_report": {
      "time": {
        "mean": 0.008559799194335938,
        "std": 5.319045295878447e-05,
        "all": [
          0.008621931076049805,
          0.00852823257446289,
          0.00848698616027832,
          0.008620262145996094,
          0.008541584014892578
        ]
      },
      "f1": {
        "mean": 0.9042909359371014,
        "std": 0.01001676978582601,
        "all": [
          0.8932038834951457,
          0.9210526315789473,
          0.9022082018927445,
          0.8958990536277602,
          0.9090909090909091
        ]
      },
      "precision": {
        "mean": 0.9015327235621274,
        "std": 0.02313274076504557,
        "all": [
          0.9019607843137255,
          0.9459459459459459,
          0.8881987577639752,
          0.8819875776397516,
          0.8895705521472392
        ]
      },
      "recall": {
        "mean": 0.9076923076923077,
        "std": 0.015491084581531513,
        "all": [
          0.8846153846153846,
          0.8974358974358975,
          0.9166666666666666,
          0.9102564102564102,
          0.9294871794871795
        ]
      },
      "roc_auc": {
        "mean": 0.9092156119742327,
        "std": 0.009616000298035197,
        "all": [
          0.8994505494505494,
          0.9258608058608059,
          0.9069047619047619,
          0.9008424908424908,
          0.9130194518125554
        ]
      },
      "accuracy": {
        "mean": 0.9093124599469011,
        "std": 0.010095374953308412,
        "all": [
          0.9003021148036254,
          0.9274924471299094,
          0.9063444108761329,
          0.9003021148036254,
          0.9121212121212121
        ]
      }
    }
  },
  "Gradient Boosting": {
    "test_report": {
      "f1": 0.9142857142857143,
      "accuracy": 0.9202898550724637,
      "roc_auc": 0.9191630780752669,
      "precision": 0.9312169312169312,
      "recall": 0.8979591836734694
    },
    "train_report": {
      "f1": 0.9852658552210122,
      "accuracy": 0.9860943168077388,
      "roc_auc": 0.9860837293903656,
      "precision": 0.9846350832266325,
      "recall": 0.985897435897436
    },
    "cross_val_report": {
      "time": {
        "mean": 0.012407493591308594,
        "std": 0.0005568802603932285,
        "all": [
          0.01188039779663086,
          0.01232767105102539,
          0.011783361434936523,
          0.013267040252685547,
          0.012778997421264648
        ]
      },
      "f1": {
        "mean": 0.90983943637326,
        "std": 0.01123049724422255,
        "all": [
          0.9230769230769231,
          0.891156462585034,
          0.906832298136646,
          0.9085173501577287,
          0.9196141479099679
        ]
      },
      "precision": {
        "mean": 0.9137721881468819,
        "std": 0.02438394378131556,
        "all": [
          0.9230769230769231,
          0.9492753623188406,
          0.8795180722891566,
          0.8944099378881988,
          0.9225806451612903
        ]
      },
      "recall": {
        "mean": 0.9076923076923078,
        "std": 0.03454408611617303,
        "all": [
          0.9230769230769231,
          0.8397435897435898,
          0.9358974358974359,
          0.9230769230769231,
          0.9166666666666666
        ]
      },
      "roc_auc": {
        "mean": 0.979977369373921,
        "std": 0.003294119072045228,
        "all": [
          0.9798901098901099,
          0.9838827838827838,
          0.9756410256410256,
          0.9770695970695971,
          0.983403330386089
        ]
      },
      "accuracy": {
        "mean": 0.9153620800146479,
        "std": 0.009118668204667947,
        "all": [
          0.9274924471299094,
          0.9033232628398792,
          0.9093655589123867,
          0.9123867069486404,
          0.9242424242424242
        ]
      }
    }
  },
  "Logistic Regression": {
    "test_report": {
      "f1": 0.6902654867256637,
      "accuracy": 0.7463768115942029,
      "roc_auc": 0.7388363602321664,
      "precision": 0.8181818181818182,
      "recall": 0.5969387755102041
    },
    "train_report": {
      "f1": 0.7366926898509581,
      "accuracy": 0.7756952841596131,
      "roc_auc": 0.7697632459074106,
      "precision": 0.8251192368839427,
      "recall": 0.6653846153846154
    },
    "cross_val_report": {
      "time": {
        "mean": 0.013949918746948241,
        "std": 0.002253261261083632,
        "all": [
          0.015075922012329102,
          0.015151500701904297,
          0.015016317367553711,
          0.015061616897583008,
          0.009444236755371094
        ]
      },
      "f1": {
        "mean": 0.7354908554184332,
        "std": 0.015497693864559545,
        "all": [
          0.7247386759581882,
          0.7106227106227107,
          0.7420494699646644,
          0.7509025270758123,
          0.7491408934707904
        ]
      },
      "precision": {
        "mean": 0.8233272304025883,
        "std": 0.02224096224653045,
        "all": [
          0.7938931297709924,
          0.8290598290598291,
          0.8267716535433071,
          0.859504132231405,
          0.8074074074074075
        ]
      },
      "recall": {
        "mean": 0.6653846153846154,
        "std": 0.024793691802325265,
        "all": [
          0.6666666666666666,
          0.6217948717948718,
          0.6730769230769231,
          0.6666666666666666,
          0.6987179487179487
        ]
      },
      "roc_auc": {
        "mean": 0.7902291271946444,
        "std": 0.00821049338606189,