{
  "Random Forest": {
    "test_report": {
      "r2": 0.9614803525378016,
      "neg_mean_squared_error": -922.2446124328121,
      "neg_mean_absolute_error": -16.477619162106226,
      "neg_root_mean_squared_error": -30.368480574977934
    },
    "train_report": {
      "r2": 0.9919167470040242,
      "neg_mean_squared_error": -196.6274191763063,
      "neg_mean_absolute_error": -6.478720819615818,
      "neg_root_mean_squared_error": -14.022389923843448
    },
    "cross_val_report": {
      "time": {
        "mean": 0.058446311950683595,
        "std": 0.00016193684753860687,
        "all": [
          0.05832552909851074,
          0.058342695236206055,
          0.058389902114868164,
          0.05840897560119629,
          0.05876445770263672
        ]
      },
      "r2": {
        "mean": 0.9321241616037724,
        "std": 0.028971864456268922,
        "all": [
          0.9477249832128926,
          0.8747113121777226,
          0.9443922681397152,
          0.9409675618811416,
          0.9528246826073901
        ]
      },
      "neg_mean_squared_error": {
        "mean": -1650.5383459665263,
        "std": 713.6842651036555,
        "all": [
          -1298.639338078708,
          -3055.669451760809,
          -1225.657797182016,
          -1524.1969395097694,
          -1148.5282033013289
        ]
      },
      "neg_mean_absolute_error": {
        "mean": -19.587735663195776,
        "std": 1.8667906353915218,
        "all": [
          -19.88213747917066,
          -22.836976541965594,
          -17.549398140213984,
          -19.698942434138573,
          -17.971223720490073
        ]
      },
      "neg_root_mean_squared_error": {
        "mean": -39.85101042579816,
        "std": 7.901601990068364,
        "all": [
          -36.03663882881848,
          -55.278110059596,
          -35.00939584143114,
          -39.040964889584494,
          -33.88994250956069
        ]
      }
    }
  },
  "Decision Tree": {
    "test_report": {
      "r2": 0.9339928926871112,
      "neg_mean_squared_error": -1580.3545232683173,
      "neg_mean_absolute_error": -18.45374711366927,
      "neg_root_mean_squared_error": -39.75367307895356
    },
    "train_report": {
      "r2": 0.9999990544529436,
      "neg_mean_squared_error": -0.023000700028830354,
      "neg_mean_absolute_error": -0.007517790733926513,
      "neg_root_mean_squared_error": -0.15165981679017798
    },
    "cross_val_report": {
      "time": {
        "mean": 0.0020411014556884766,
        "std": 2.644275943851222e-05,
        "all": [
          0.0020532608032226562,
          0.002048015594482422,
          0.0019919872283935547,
          0.002041339874267578,
          0.002070903778076172
        ]
      },
      "r2": {
        "mean": 0.9083420632582987,
        "std": 0.029821946639955417,
        "all": [
          0.9507159382938843,
          0.8579451565357329,
          0.9170504382865241,
          0.9121992946143779,
          0.9037994885609741
        ]
      },
      "neg_mean_squared_error": {
        "mean": -2225.2592551161233,
        "std": 736.3051884591434,
        "all": [
          -1224.3366947640086,
          -3464.579709416055,
          -1828.3028939643557,
          -2266.9835551449555,
          -2342.0934222912424
        ]
      },
      "neg_mean_absolute_error": {
        "mean": -21.064214550096956,
        "std": 2.183825198368757,
        "all": [
          -18.323821721299094,
          -22.87449817897425,
          -18.86212580695353,
          -21.34500110783657,
          -23.915625935421346
        ]
      },
      "neg_root_mean_squared_error": {
        "mean": -46.523578522266654,
        "std": 7.798454757104913,
        "all": [
          -34.99052292784446,
          -58.86068050418764,
          -42.758658701651946,
          -47.61285073533148,
          -48.39517974231775
        ]
      }
    }
  },
  "Gradient Boosting": {
    "test_report": {
      "r2": 0.9588664846279676,
      "neg_mean_squared_error": -984.8263273828535,
      "neg_mean_absolute_error": -18.923140301928452,
      "neg_root_mean_squared_error": -31.381942696124685
    },
    "train_report": {
      "r2": 0.9923316564823214,
      "neg_mean_squared_error": -186.53462856960908,
      "neg_mean_absolute_error": -8.80580040058002,
      "neg_root_mean_squared_error": -13.657768066913755
    },
    "cross_val_report": {
      "time": {
        "mean": 0.004731225967407227,
        "std": 0.0001511428928353097,
        "all": [
          0.004641056060791016,
          0.004644632339477539,
          0.004652500152587891,
          0.004686117172241211,
          0.0050318241119384766
        ]
      },
      "r2": {
        "mean": 0.9305642142372144,
        "std": 0.01909402735020712,
        "all": [
          0.9480086129516627,
          0.8986627463941913,
          0.9434121868277896,
          0.9184355937204575,
          0.9443019312919705
        ]
      },
      "neg_mean_squared_error": {
        "mean": -1694.4715271344962,
        "std": 499.99663554673907,
        "all": [
          -1291.5932813033264,
          -2471.51722594343,
          -1247.259906486747,
          -2105.9644897928592,
          -1356.0227321461177
        ]
      },
      "neg_mean_absolute_error": {
        "mean": -22.035976995578512,
        "std": 1.2681871265299638,
        "all": [
          -21.6053567437946,
          -24.081891496107048,
          -20.491334989572902,
          -22.801237596039687,
          -21.200064152378317
        ]
      },
      "neg_root_mean_squared_error": {
        "mean": -40.73693389650077,
        "std": 5.91386031680006,
        "all": [
          -35.938743457490645,
          -49.7143563364088,
          -35.31656702578476,
          -45.89078872489401,
          -36.82421393792565
        ]
      }
    }
  },
  "Linear Regression": {
    "test_report": {
      "r2": 0.5409820543279829,
      "neg_mean_squared_error": -10989.893607448796,
      "neg_mean_absolute_error": -84.32052279402312,
      "neg_root_mean_squared_error": -104.83269340930241
    },
    "train_report": {
      "r2": 0.5531345420063354,
      "neg_mean_squared_error": -10870.128866197387,
      "neg_mean_absolute_error": -80.53233559719607,
      "neg_root_mean_squared_error": -104.25991015820696
    },
    "cross_val_report": {
      "time": {
        "mean": 0.002916908264160156,
        "std": 3.121903529644048e-05,
        "all": [
          0.0029363632202148438,
          0.002897977828979492,
          0.002875804901123047,
          0.002965688705444336,
          0.0029087066650390625
        ]
      },
      "r2": {
        "mean": 0.5454882928671987,
        "std": 0.03385799442759861,
        "all": [
          0.5980474957568518,
          0.49767469335854,
          0.5645307826123231,
          0.5379333547347238,
          0.5292551378735546
        ]
      },
      "neg_mean_squared_error": {
        "mean": -11045.216285453065,
        "std": 1060.890556654552,
        "all": [
          -9985.483814863921,
          -12251.226515581437,
          -9598.237940453608,
          -11930.399438099654,
          -11460.733718266712
        ]
      },
      "neg_mean_absolute_error": {
        "mean": -81.41785774790932,
        "std": 3.6062599310105274,
        "all": [
          -78.6673263878346,
          -84.15964839271153,
          -75.65334348268757,
          -84.4591679756148,
          -84.14980250069806
        ]
      },
      "neg_root_mean_squared_error": {
        "mean": -104.97288662585126,
        "std": 5.090123661488234,
        "all": [
          -99.9273927152306,
          -110.68525879981235,
          -97.97059732620603,
          -109.226367870124,
          -107.05481641788337
        ]
      }
    }
  },
  "XGBRegressor": {
    "test_report": {
      "r2": 0.937759442330909,
      "neg_mean_squared_error": -1490.1750864013984,
      "neg_mean_absolute_error": -20.557602212397178,