{
  "Random Forest": {
    "test_report": {
      "r2": 0.8823676605500884,
      "neg_mean_squared_error": -2816.375498036744,
      "neg_mean_absolute_error": -30.62696247580414,
      "neg_root_mean_squared_error": -53.0695345564359
    },
    "train_report": {
      "r2": 0.9722079947261182,
      "neg_mean_squared_error": -676.0484019810167,
      "neg_mean_absolute_error": -12.382574906071232,
      "neg_root_mean_squared_error": -26.00093079066626
    },
    "cross_val_report": {
      "time": {
        "mean": 0.056125831604003903,
        "std": 0.000365854949580818,
        "all": [
          0.056195735931396484,
          0.05620455741882324,
          0.056418657302856445,
          0.055417776107788086,
          0.05639243125915527
        ]
      },
      "r2": {
        "mean": 0.8336005405973704,
        "std": 0.025327352782689664,
        "all": [
          0.849761787389402,
          0.7993232814582241,
          0.8412735478918401,
          0.8100309474105807,
          0.8676131388368051
        ]
      },
      "neg_mean_squared_error": {
        "mean": -4050.6252829814343,
        "std": 711.7080953433399,
        "all": [
          -3732.284845996909,
          -4894.310325905369,
          -3498.5119359696128,
          -4904.934605197416,
          -3223.0847018378645
        ]
      },
      "neg_mean_absolute_error": {
        "mean": -33.263039241024536,
        "std": 1.907725858424421,
        "all": [
          -33.15291519834299,
          -33.98664990007065,
          -31.372303907652075,
          -36.47758943507112,
          -31.325737763985842
        ]
      },
      "neg_root_mean_squared_error": {
        "mean": -63.40149048806635,
        "std": 5.556643489829782,
        "all": [
          -61.09242871254104,
          -69.95934766637957,
          -59.14822005749296,
          -70.03523831042068,
          -56.772217693497446
        ]
      }
    }
  },
  "Decision Tree": {
    "test_report": {
      "r2": 0.825543547483345,
      "neg_mean_squared_error": -4176.869053526987,
      "neg_mean_absolute_error": -32.534122114274204,
      "neg_root_mean_squared_error": -64.62870146867402
    },
    "train_report": {
      "r2": 0.9928178802321542,
      "neg_mean_squared_error": -174.70709810390943,
      "neg_mean_absolute_error": -0.9450565700754304,
      "neg_root_mean_squared_error": -13.217681268055658
    },
    "cross_val_report": {
      "time": {
        "mean": 0.001966047286987305,
        "std": 2.4794340105009538e-05,
        "all": [
          0.0019750595092773438,
          0.001934051513671875,
          0.001939535140991211,
          0.0019953250885009766,
          0.001986265182495117
        ]
      },
      "r2": {
        "mean": 0.7503513655129482,
        "std": 0.0460274952755878,
        "all": [
          0.7417934413055236,
          0.7721757844449714,
          0.7629487154487031,
          0.6683182643847598,
          0.8065206219807827
        ]
      },
      "neg_mean_squared_error": {
        "mean": -6094.024348960861,
        "std": 1353.6436037033113,
        "all": [
          -6414.482769774549,
          -5556.411420242268,
          -5224.88052510944,
          -8563.906598235799,
          -4710.440431442247
        ]
      },
      "neg_mean_absolute_error": {
        "mean": -38.08318550370279,
        "std": 3.764127098720822,
        "all": [
          -40.14396333621716,
          -34.924608170455095,
          -35.00600996498106,
          -44.554485886988125,
          -35.78686015987254
        ]
      },
      "neg_root_mean_squared_error": {
        "mean": -77.6178335495542,
        "std": 8.336441928938243,
        "all": [
          -80.09046616030243,
          -74.54134034374663,
          -72.2833350441818,
          -92.54137776279214,
          -68.632648436748
        ]
      }
    }
  },
  "Gradient Boosting": {
    "test_report": {
      "r2": 0.8765806037653757,
      "neg_mean_squared_error": -2954.930295216069,
      "neg_mean_absolute_error": -34.420798452013045,
      "neg_root_mean_squared_error": -54.3592705544884
    },
    "train_report": {
      "r2": 0.9345114689131979,
      "neg_mean_squared_error": -1593.0270721027719,
      "neg_mean_absolute_error": -24.470621855813036,
      "neg_root_mean_squared_error": -39.91274322948464
    },
    "cross_val_report": {
      "time": {
        "mean": 0.003387641906738281,
        "std": 3.611625200463369e-05,
        "all": [
          0.003399372100830078,
          0.0034198760986328125,
          0.003346681594848633,
          0.003428936004638672,
          0.003343343734741211
        ]
      },
      "r2": {
        "mean": 0.8310551096372489,
        "std": 0.03161608198189675,
        "all": [
          0.8562544525857668,
          0.7900350011423355,
          0.8330759627367234,
          0.8020320622666501,
          0.8738780694547688
        ]
      },
      "neg_mean_squared_error": {
        "mean": -4110.610335874236,
        "std": 846.3201561761033,
        "all": [
          -3570.9911544556508,
          -5120.842464711961,
          -3679.196057175573,
          -5111.463026593825,
          -3070.558976434172
        ]
      },
      "neg_mean_absolute_error": {
        "mean": -36.496184312372286,
        "std": 2.3050043867584304,
        "all": [
          -36.574578485877176,
          -36.60934800040001,
          -36.25383376969088,
          -40.16069117025605,
          -32.882470135637305
        ]
      },
      "neg_root_mean_squared_error": {
        "mean": -63.776266133787814,
        "std": 6.572534815922047,
        "all": [
          -59.75777066169429,
          -71.56006193898914,
          -60.65637688797092,
          -71.4944964776578,
          -55.41262470262686
        ]
      }
    }
  },
  "Linear Regression": {
    "test_report": {
      "r2": 0.275470648096785,
      "neg_mean_squared_error": -17346.817413059533,
      "neg_mean_absolute_error": -109.87004013723168,
      "neg_root_mean_squared_error": -131.70731723431138
    },
    "train_report": {
      "r2": 0.2643046246926374,
      "neg_mean_squared_error": -17895.998432642024,
      "neg_mean_absolute_error": -109.17465655953856,
      "neg_root_mean_squared_error": -133.77592620737866
    },
    "cross_val_report": {
      "time": {
        "mean": 0.0030517578125,
        "std": 4.282597667570166e-05,
        "all": [
          0.0031151771545410156,
          0.003085613250732422,
          0.003003835678100586,
          0.0030426979064941406,
          0.003011465072631836
        ]
      },
      "r2": {
        "mean": 0.25787005562860943,
        "std": 0.02154835064663984,
        "all": [
          0.28437046224075724,
          0.21957648928148688,
          0.26181413552690247,
          0.2690962566722235,
          0.254492934421677
        ]
      },
      "neg_mean_squared_error": {
        "mean": -18020.79604288686,
        "std": 988.8858430492728,
        "all": [
          -17777.98891983213,
          -19033.771704283598,
          -16270.457907440445,
          -18871.679438571962,
          -18150.08224430618
        ]
      },
      "neg_mean_absolute_error": {
        "mean": -109.67580537038866,
        "std": 2.8821255767443934,
        "all": [
          -112.39238028801392,
          -112.05186321487268,
          -104.35536700755002,
          -110.08534051724918,
          -109.49407582425756
        ]
      },
      "neg_root_mean_squared_error": {
        "mean": -134.1898477295074,
        "std": 3.7256958032667113,
        "all": [
          -133.3341251136862,
          -137.96293598022476,
          -127.55570511521798,
          -137.37423134843,
          -134.7222410899781
        ]
      }
    }
  },
  "XGBRegressor": {
    "test_report": {
      "r2": 0.876437236372048,
      "neg_mean_squared_error": -2958.362824192997,
      "neg_mean_absolute_error": -32.76596939615959,