{
  "Random Forest": {
    "test_report": {
      "r2": 0.9667648309063557,
      "neg_mean_squared_error": -795.7226418021257,
      "neg_mean_absolute_error": -14.353334165845741,
      "neg_root_mean_squared_error": -28.208556180742853
    },
    "train_report": {
      "r2": 0.9948618271541269,
      "neg_mean_squared_error": -124.98751016067472,
      "neg_mean_absolute_error": -5.275473434453405,
      "neg_root_mean_squared_error": -11.17978131095035
    },
    "cross_val_report": {
      "time": {
        "mean": 0.06003813743591309,
        "std": 0.0035944518035747755,
        "all": [
          0.05775761604309082,
          0.0586848258972168,
          0.0565800666809082,
          0.06678271293640137,
          0.06038546562194824
        ]
      },
      "r2": {
        "mean": 0.9553503102274707,
        "std": 0.016902361222224573,
        "all": [
          0.9740240082810915,
          0.926981019563444,
          0.9578293832286751,
          0.9479417523864291,
          0.969975387677714
        ]
      },
      "neg_mean_squared_error": {
        "mean": -1086.1522737455323,
        "std": 422.8968561398954,
        "all": [
          -645.307199597132,
          -1780.8620378816925,
          -929.4884637196272,
          -1344.1257758841994,
          -730.9778916450102
        ]
      },
      "neg_mean_absolute_error": {
        "mean": -15.968230935223968,
        "std": 1.6444339621318576,
        "all": [
          -13.874576087377315,
          -17.973710932228684,
          -15.27289088358747,
          -17.830537442114313,
          -14.889439330812065
        ]
      },
      "neg_root_mean_squared_error": {
        "mean": -32.35791911202325,
        "std": 6.254386019849817,
        "all": [
          -25.40289746460297,
          -42.200261111534516,
          -30.487513242631437,
          -36.66232092877099,
          -27.03660281257633
        ]
      }
    }
  },
  "Decision Tree": {
    "test_report": {
      "r2": 0.9600485180524437,
      "neg_mean_squared_error": -956.5258617955606,
      "neg_mean_absolute_error": -15.759817898550725,
      "neg_root_mean_squared_error": -30.92775229135736
    },
    "train_report": {
      "r2": 1.0,
      "neg_mean_squared_error": -0.0,
      "neg_mean_absolute_error": -0.0,
      "neg_root_mean_squared_error": -0.0
    },
    "cross_val_report": {
      "time": {
        "mean": 0.0022345066070556642,
        "std": 0.00011798587537574497,
        "all": [
          0.0024394989013671875,
          0.0022356510162353516,
          0.002252817153930664,
          0.0020902156829833984,
          0.0021543502807617188
        ]
      },
      "r2": {
        "mean": 0.9265944035144518,
        "std": 0.016301815742779273,
        "all": [
          0.9448091641925873,
          0.9046101808563297,
          0.9194935352392568,
          0.9178141182460128,
          0.9462450190380722
        ]
      },
      "neg_mean_squared_error": {
        "mean": -1780.5443833438171,
        "std": 401.23615475736153,
        "all": [
          -1371.075417782088,
          -2326.465073844233,
          -1774.454252251869,
          -2122.0107695386123,
          -1308.7164033022839
        ]
      },
      "neg_mean_absolute_error": {
        "mean": -19.20153534840245,
        "std": 0.9497467287950482,
        "all": [
          -18.053661782477338,
          -20.29225021148036,
          -19.320515317220543,
          -20.167307824773413,
          -18.173941606060605
        ]
      },
      "neg_root_mean_squared_error": {
        "mean": -41.92544486421913,
        "std": 4.775087044352074,
        "all": [
          -37.028035564718905,
          -48.23344352048932,
          -42.12427153378286,
          -46.06528811956582,
          -36.17618558253874
        ]
      }
    }
  },
  "Gradient Boosting": {
    "test_report": {
      "r2": 0.9605416745177501,
      "neg_mean_squared_error": -944.7186173585114,
      "neg_mean_absolute_error": -19.665193614568345,
      "neg_root_mean_squared_error": -30.73627526813409
    },
    "train_report": {
      "r2": 0.9862226262684788,
      "neg_mean_squared_error": -335.13851925767165,
      "neg_mean_absolute_error": -11.119322122970074,
      "neg_root_mean_squared_error": -18.306788884391267
    },
    "cross_val_report": {
      "time": {
        "mean": 0.004434394836425781,
        "std": 0.0001655550458774161,
        "all": [
          0.004404544830322266,
          0.00461888313293457,
          0.004627704620361328,
          0.00421452522277832,
          0.004306316375732422
        ]
      },
      "r2": {
        "mean": 0.9484689844365753,
        "std": 0.012952228928938098,
        "all": [
          0.9719878720024342,
          0.9364758124600363,
          0.9458052580068876,
          0.9371291527506026,
          0.9509468269629165
        ]
      },
      "neg_mean_squared_error": {
        "mean": -1251.449334435501,
        "std": 329.28607647423416,
        "all": [
          -695.889807344963,
          -1549.2932577371728,
          -1194.5138898493012,
          -1623.3033229793862,
          -1194.2463942666823
        ]
      },
      "neg_mean_absolute_error": {
        "mean": -19.83599898119262,
        "std": 1.62309368373546,
        "all": [
          -17.568795984629404,
          -19.056580307665435,
          -19.553678442980846,
          -22.45016204467514,
          -20.550778126012283
        ]
      },
      "neg_root_mean_squared_error": {
        "mean": -35.030127032691084,
        "std": 4.933511377206555,
        "all": [
          -26.379723412973135,
          -39.3610627109733,
          -34.56174026071751,
          -40.29023855699276,
          -34.557870221798716
        ]
      }
    }
  },
  "Linear Regression": {
    "test_report": {
      "r2": 0.9215831536640096,
      "neg_mean_squared_error": -1877.4708187116814,
      "neg_mean_absolute_error": -30.667962584541062,
      "neg_root_mean_squared_error": -43.329791353198104
    },
    "train_report": {
      "r2": 0.9071416279956775,
      "neg_mean_squared_error": -2258.806206512814,
      "neg_mean_absolute_error": -30.559100030229747,
      "neg_root_mean_squared_error": -47.52689982013148
    },
    "cross_val_report": {
      "time": {
        "mean": 0.00503849983215332,
        "std": 0.001996793999943225,
        "all": [
          0.0036132335662841797,
          0.0035486221313476562,
          0.005921125411987305,
          0.003520965576171875,
          0.008588552474975586
        ]
      },
      "r2": {
        "mean": -3.8358244847299237e+23,
        "std": 7.671648969459847e+23,
        "all": [
          0.8802071420505921,
          0.8512422870839583,
          0.8842079136490356,
          -1.9179122423649617e+24,
          0.917306734542128
        ]
      },
      "neg_mean_squared_error": {
        "mean": -9.903964881732137e+27,
        "std": 1.9807929763464273e+28,
        "all": [
          -2975.947734030059,
          -3628.056187451978,
          -2552.189574007665,
          -4.951982440866068e+28,
          -2013.246605444729
        ]
      },
      "neg_mean_absolute_error": {
        "mean": -2446276519710.1924,
        "std": 4892553039349.93,
        "all": [
          -42.07332993957705,
          -34.300007401812685,
          -33.430553368580064,
          -12231382598410.053,
          -31.102758454545455
        ]
      },
      "neg_root_mean_squared_error": {
        "mean": -44506100439716.9,
        "std": 89012200879328.7,
        "all": [
          -54.55224774498352,
          -60.233347802126836,
          -50.519200053125005,
          -222530502198374.3,
          -44.869216679642726
        ]
      }
    }
  },
  "XGBRegressor": {
    "test_report": {
      "r2": 0.9735389064849929,
      "neg_mean_squared_error": -633.5364558371122,
      "neg_mean_absolute_error": -13.878986344777147,
      "neg_root_mean_squared_error": -25.170150095641308
    },