{
  "Random Forest": {
    "test_report": {
      "f1": 0.9695431472081218,
      "accuracy": 0.9710144927536232,
      "roc_auc": 0.9711898520876241,
      "precision": 0.9646464646464646,
      "recall": 0.9744897959183674
    },
    "train_report": {
      "f1": 1.0,
      "accuracy": 1.0,
      "roc_auc": 1.0,
      "precision": 1.0,
      "recall": 1.0
    },
    "cross_val_report": {
      "time": {
        "mean": 0.02007718086242676,
        "std": 0.0013214740052694296,
        "all": [
          0.022000789642333984,
          0.020717144012451172,
          0.018716812133789062,
          0.020487308502197266,
          0.018463850021362305
        ]
      },
      "f1": {
        "mean": 0.9502706887671961,
        "std": 0.005381997722567487,
        "all": [
          0.946031746031746,
          0.9545454545454546,
          0.9467084639498433,
          0.9453376205787781,
          0.9587301587301588
        ]
      },
      "precision": {
        "mean": 0.9457330361720873,
        "std": 0.013626254363843633,
        "all": [
          0.9371069182389937,
          0.9671052631578947,
          0.9263803680981595,
          0.9483870967741935,
          0.949685534591195
        ]
      },
      "recall": {
        "mean": 0.9551282051282051,
        "std": 0.0114670152692297,
        "all": [
          0.9551282051282052,
          0.9423076923076923,
          0.967948717948718,
          0.9423076923076923,
          0.967948717948718
        ]
      },
      "roc_auc": {
        "mean": 0.9900094732853354,
        "std": 0.003287332890304198,
        "all": [
          0.9890109890109889,
          0.9915018315018316,
          0.9883150183150183,
          0.9857509157509157,
          0.9954686118479222
        ]
      },
      "accuracy": {
        "mean": 0.9528462876499131,
        "std": 0.005232152707025658,
        "all": [
          0.9486404833836858,
          0.9577039274924471,
          0.9486404833836858,
          0.9486404833836858,
          0.9606060606060606
        ]
      }
    }
  },
  "Decision Tree": {
    "test_report": {
      "f1": 0.9560723514211886,
      "accuracy": 0.9589371980676329,
      "roc_auc": 0.9581773076202957,
      "precision": 0.9685863874345549,
      "recall": 0.9438775510204082
    },
    "train_report": {
      "f1": 1.0,
      "accuracy": 1.0,
      "roc_auc": 1.0,
      "precision": 1.0,
      "recall": 1.0
    },
    "cross_val_report": {
      "time": {
        "mean": 0.010935258865356446,
        "std": 0.00031883406992380307,
        "all": [
          0.010911226272583008,
          0.010663270950317383,
          0.010719060897827148,
          0.010833740234375,
          0.011548995971679688
        ]
      },
      "f1": {
        "mean": 0.9400987436836854,
        "std": 0.006813646446648287,
        "all": [
          0.9419354838709677,
          0.9419354838709677,
          0.9493670886075949,
          0.9389067524115756,
          0.9283489096573209
        ]
      },
      "precision": {
        "mean": 0.9357139366010333,
        "std": 0.016820051304373165,
        "all": [
          0.948051948051948,
          0.948051948051948,
          0.9375,
          0.9419354838709677,
          0.9030303030303031
        ]
      },
      "recall": {
        "mean": 0.9448717948717948,
        "std": 0.011176663957796613,
        "all": [
          0.9358974358974359,
          0.9358974358974359,
          0.9615384615384616,
          0.9358974358974359,
          0.9551282051282052
        ]
      },
      "roc_auc": {
        "mean": 0.9432404951370469,
        "std": 0.006691790981406295,
        "all": [
          0.9450915750915752,
          0.9450915750915752,
          0.9521978021978023,
          0.9422344322344323,
          0.9315870910698498
        ]
      },
      "accuracy": {
        "mean": 0.9431603039458025,
        "std": 0.007070950435789568,
        "all": [
          0.945619335347432,
          0.945619335347432,
          0.9516616314199395,
          0.9425981873111783,
          0.9303030303030303
        ]
      }
    }
  },
  "Gradient Boosting": {
    "test_report": {
      "f1": 0.958974358974359,
      "accuracy": 0.961352657004831,
      "roc_auc": 0.960985770454971,
      "precision": 0.9639175257731959,
      "recall": 0.9540816326530612
    },
    "train_report": {
      "f1": 1.0,
      "accuracy": 1.0,
      "roc_auc": 1.0,
      "precision": 1.0,
      "recall": 1.0
    },
    "cross_val_report": {
      "time": {
        "mean": 0.016508722305297853,
        "std": 0.0021846799705154446,
        "all": [
          0.015179872512817383,
          0.015040397644042969,
          0.015126466751098633,
          0.016442298889160156,
          0.020754575729370117
        ]
      },
      "f1": {
        "mean": 0.9494250162944604,
        "std": 0.00410736031282074,
        "all": [
          0.9523809523809523,
          0.9446254071661238,
          0.9554140127388535,
          0.9453376205787781,
          0.9493670886075949
        ]
      },
      "precision": {
        "mean": 0.9477830624918269,
        "std": 0.007532011487475594,
        "all": [
          0.9433962264150944,
          0.9602649006622517,
          0.9493670886075949,
          0.9483870967741935,
          0.9375
        ]
      },
      "recall": {
        "mean": 0.9512820512820512,
        "std": 0.01319952582177821,
        "all": [
          0.9615384615384616,
          0.9294871794871795,
          0.9615384615384616,
          0.9423076923076923,
          0.9615384615384616
        ]
      },
      "roc_auc": {
        "mean": 0.9894726116795083,
        "std": 0.0030445633980042113,
        "all": [
          0.9862637362637362,
          0.9924175824175824,
          0.9885347985347985,
          0.9864835164835165,
          0.9936634246979075
        ]
      },
      "accuracy": {
        "mean": 0.9522365650462327,
        "std": 0.003528740885585531,
        "all": [
          0.9546827794561934,
          0.9486404833836858,
          0.9577039274924471,
          0.9486404833836858,
          0.9515151515151515
        ]
      }
    }
  },
  "Logistic Regression": {
    "test_report": {
      "f1": 0.7017543859649122,
      "accuracy": 0.7536231884057971,
      "roc_auc": 0.7464894214566561,
      "precision": 0.821917808219178,
      "recall": 0.6122448979591837
    },
    "train_report": {
      "f1": 0.7386124737210932,
      "accuracy": 0.7744860943168077,
      "roc_auc": 0.7691706272369888,
      "precision": 0.8145285935085008,
      "recall": 0.6756410256410257
    },
    "cross_val_report": {
      "time": {
        "mean": 0.015368366241455078,
        "std": 0.00017258367200545012,
        "all": [
          0.015289783477783203,
          0.015474081039428711,
          0.01530003547668457,
          0.015137910842895508,
          0.0156400203704834
        ]
      },
      "f1": {
        "mean": 0.7386717332211659,
        "std": 0.014909003199268965,
        "all": [
          0.7491408934707904,
          0.7266187050359713,
          0.7214285714285714,
          0.7342657342657343,
          0.7619047619047619
        ]
      },
      "precision": {
        "mean": 0.8138157798979082,
        "std": 0.007503051266139662,
        "all": [
          0.8074074074074075,
          0.8278688524590164,
          0.8145161290322581,
          0.8076923076923077,
          0.8115942028985508
        ]
      },
      "recall": {
        "mean": 0.676923076923077,
        "std": 0.02797105670419412,
        "all": [
          0.6987179487179487,
          0.6474358974358975,
          0.6474358974358975,
          0.6730769230769231,
          0.717948717948718
        ]
      },
      "roc_auc": {
        "mean": 0.7978885941644562,
        "std": 0.009235939791990165,