{
  "Random Forest": {
    "test_report": {
      "f1": 0.9591836734693877,
      "accuracy": 0.961352657004831,
      "roc_auc": 0.9612432128814828,
      "precision": 0.9591836734693877,
      "recall": 0.9591836734693877
    },
    "train_report": {
      "f1": 1.0,
      "accuracy": 1.0,
      "roc_auc": 1.0,
      "precision": 1.0,
      "recall": 1.0
    },
    "cross_val_report": {
      "time": {
        "mean": 0.019650602340698244,
        "std": 0.0001664573296083513,
        "all": [
          0.019814252853393555,
          0.019786596298217773,
          0.019594192504882812,
          0.019702911376953125,
          0.019355058670043945
        ]
      },
      "f1": {
        "mean": 0.9569061906513046,
        "std": 0.007235876469681671,
        "all": [
          0.9617834394904459,
          0.9612903225806452,
          0.9456869009584664,
          0.9511400651465798,
          0.9646302250803859
        ]
      },
      "precision": {
        "mean": 0.9601066364004393,
        "std": 0.009825762786215999,
        "all": [
          0.9556962025316456,
          0.9675324675324676,
          0.9426751592356688,
          0.9668874172185431,
          0.967741935483871
        ]
      },
      "recall": {
        "mean": 0.9538461538461538,
        "std": 0.011028622137234144,
        "all": [
          0.967948717948718,
          0.9551282051282052,
          0.9487179487179487,
          0.9358974358974359,
          0.9615384615384616
        ]
      },
      "roc_auc": {
        "mean": 0.9913543640267779,
        "std": 0.0028670312200055463,
        "all": [
          0.9912271062271063,
          0.9925641025641025,
          0.9874725274725275,
          0.9895421245421245,
          0.9959659593280283
        ]
      },
      "accuracy": {
        "mean": 0.959496475327291,
        "std": 0.0067610146136412395,
        "all": [
          0.9637462235649547,
          0.9637462235649547,
          0.9486404833836858,
          0.9546827794561934,
          0.9666666666666667
        ]
      }
    }
  },
  "Decision Tree": {
    "test_report": {
      "f1": 0.9744897959183674,
      "accuracy": 0.9758454106280193,
      "roc_auc": 0.9757770080509268,
      "precision": 0.9744897959183674,
      "recall": 0.9744897959183674
    },
    "train_report": {
      "f1": 1.0,
      "accuracy": 1.0,
      "roc_auc": 1.0,
      "precision": 1.0,
      "recall": 1.0
    },
    "cross_val_report": {
      "time": {
        "mean": 0.009357023239135741,
        "std": 0.0010442581611117077,
        "all": [
          0.008927345275878906,
          0.008793830871582031,
          0.011441707611083984,
          0.008876800537109375,
          0.008745431900024414
        ]
      },
      "f1": {
        "mean": 0.9513811006811356,
        "std": 0.008337701686388825,
        "all": [
          0.939297124600639,
          0.9615384615384616,
          0.9584664536741214,
          0.9446254071661238,
          0.9529780564263323
        ]
      },
      "precision": {
        "mean": 0.9492076889693912,
        "std": 0.012311973185392192,
        "all": [
          0.9363057324840764,
          0.9615384615384616,
          0.9554140127388535,
          0.9602649006622517,
          0.9325153374233128
        ]
      },
      "recall": {
        "mean": 0.9538461538461538,
        "std": 0.015909838007680577,
        "all": [
          0.9423076923076923,
          0.9615384615384616,
          0.9615384615384616,
          0.9294871794871795,
          0.9743589743589743
        ]
      },
      "roc_auc": {
        "mean": 0.9540298092711886,
        "std": 0.007902692442623852,
        "all": [
          0.9425824175824176,
          0.9636263736263738,
          0.9607692307692308,
          0.9476007326007327,
          0.9555702917771884
        ]
      },
      "accuracy": {
        "mean": 0.9540510848667948,
        "std": 0.007735964554461364,
        "all": [
          0.9425981873111783,
          0.9637462235649547,
          0.9607250755287009,
          0.9486404833836858,
          0.9545454545454546
        ]
      }
    }
  },
  "Gradient Boosting": {
    "test_report": {
      "f1": 0.9642857142857143,
      "accuracy": 0.966183574879227,
      "roc_auc": 0.9660878112712975,
      "precision": 0.9642857142857143,
      "recall": 0.9642857142857143
    },
    "train_report": {
      "f1": 0.9903660886319846,
      "accuracy": 0.9909310761789601,
      "roc_auc": 0.9907982749515931,
      "precision": 0.9922779922779923,
      "recall": 0.9884615384615385
    },
    "cross_val_report": {
      "time": {
        "mean": 0.012252187728881836,
        "std": 0.0009140910316088223,
        "all": [
          0.011781692504882812,
          0.01173257827758789,
          0.01173090934753418,
          0.014073848724365234,
          0.011941909790039062
        ]
      },
      "f1": {
        "mean": 0.9549446485241528,
        "std": 0.013049678397766884,
        "all": [
          0.932475884244373,
          0.961038961038961,
          0.9650793650793651,
          0.9483870967741935,
          0.967741935483871
        ]
      },
      "precision": {
        "mean": 0.9587428705665564,
        "std": 0.014304392560564766,
        "all": [
          0.9354838709677419,
          0.9736842105263158,
          0.9559748427672956,
          0.9545454545454546,
          0.974025974025974
        ]
      },
      "recall": {
        "mean": 0.9512820512820512,
        "std": 0.015491084581531495,
        "all": [
          0.9294871794871795,
          0.9487179487179487,
          0.9743589743589743,
          0.9423076923076923,
          0.9615384615384616
        ]
      },
      "roc_auc": {
        "mean": 0.9909358342806618,
        "std": 0.002807009322856865,
        "all": [
          0.9884981684981685,
          0.992948717948718,
          0.9875274725274725,
          0.9905677655677656,
          0.9951370468611848
        ]
      },
      "accuracy": {
        "mean": 0.9576856175043484,
        "std": 0.012216673239474852,
        "all": [
          0.9365558912386707,
          0.9637462235649547,
          0.9667673716012085,
          0.9516616314199395,
          0.9696969696969697
        ]
      }
    }
  },
  "Logistic Regression": {
    "test_report": {
      "f1": 0.7448680351906158,
      "accuracy": 0.7898550724637681,
      "roc_auc": 0.78269518816701,
      "precision": 0.8758620689655172,
      "recall": 0.6479591836734694
    },
    "train_report": {
      "f1": 0.7712878254750176,
      "accuracy": 0.8035066505441354,
      "roc_auc": 0.79807838995482,
      "precision": 0.8549141965678627,
      "recall": 0.7025641025641025
    },
    "cross_val_report": {
      "time": {
        "mean": 0.01548161506652832,
        "std": 0.00016648587567711818,
        "all": [
          0.015404224395751953,
          0.015549898147583008,
          0.015470743179321289,
          0.01574420928955078,
          0.01523900032043457
        ]
      },
      "f1": {
        "mean": 0.8334482080942006,
        "std": 0.08272116531840246,
        "all": [
          0.9038461538461539,
          0.8719723183391004,
          0.7240143369175627,
          0.9225806451612903,
          0.7448275862068966
        ]
      },
      "precision": {
        "mean": 0.8813788728212119,
        "std": 0.05727468793694929,
        "all": [
          0.9038461538461539,
          0.9473684210526315,
          0.8211382113821138,
          0.9285714285714286,
          0.8059701492537313
        ]
      },
      "recall": {
        "mean": 0.7935897435897437,
        "std": 0.10874032183917962,
        "all": [
          0.9038461538461539,
          0.8076923076923077,
          0.6474358974358975,
          0.9166666666666666,
          0.6923076923076923
        ]
      },
      "roc_auc": {
        "mean": 0.9106083533324913,
        "std": 0.07195697858386042,