{
  "Random Forest": {
    "test_report": {
      "r2": 0.9013649155885082,
      "neg_mean_squared_error": -2361.5396606270606,
      "neg_mean_absolute_error": -27.181528972993657,
      "neg_root_mean_squared_error": -48.59567532843906
    },
    "train_report": {
      "r2": 0.981701033125518,
      "neg_mean_squared_error": -445.12755346311997,
      "neg_mean_absolute_error": -10.517976535839514,
      "neg_root_mean_squared_error": -21.09804620013711
    },
    "cross_val_report": {
      "time": {
        "mean": 0.061870670318603514,
        "std": 0.011444825354152754,
        "all": [
          0.05875849723815918,
          0.08458805084228516,
          0.055356502532958984,
          0.05460643768310547,
          0.05604386329650879
        ]
      },
      "r2": {
        "mean": 0.8702627797490037,
        "std": 0.02808262912858377,
        "all": [
          0.8815028427441903,
          0.8204339931486788,
          0.8872790139591962,
          0.8609034923409724,
          0.9011945565519804
        ]
      },
      "neg_mean_squared_error": {
        "mean": -3160.9270372006486,
        "std": 741.0086729166509,
        "all": [
          -2943.759358119342,
          -4379.440564407379,
          -2484.4990224395156,
          -3591.4232585738087,
          -2405.512982463198
        ]
      },
      "neg_mean_absolute_error": {
        "mean": -28.64961126137805,
        "std": 1.711429072912086,
        "all": [
          -28.810794969762302,
          -30.581154412582592,
          -26.90981446294054,
          -30.447853235821682,
          -26.49843922578313
        ]
      },
      "neg_root_mean_squared_error": {
        "mean": -55.85060540061486,
        "std": 6.4526671683466805,
        "all": [
          -54.25642227533384,
          -66.17734177501676,
          -49.844749196274584,
          -59.92848453426641,
          -49.04602922218269
        ]
      }
    }
  },
  "Decision Tree": {
    "test_report": {
      "r2": 0.8580082688224486,
      "neg_mean_squared_error": -3399.5926161321972,
      "neg_mean_absolute_error": -30.2976304589372,
      "neg_root_mean_squared_error": -58.30602555595946
    },
    "train_report": {
      "r2": 0.9994005321813733,
      "neg_mean_squared_error": -14.58222452204607,
      "neg_mean_absolute_error": -0.2631894316807739,
      "neg_root_mean_squared_error": -3.8186678988943346
    },
    "cross_val_report": {
      "time": {
        "mean": 0.0021250247955322266,
        "std": 6.089772457638912e-05,
        "all": [
          0.0020873546600341797,
          0.0021686553955078125,
          0.0020225048065185547,
          0.002178192138671875,
          0.002168416976928711
        ]
      },
      "r2": {
        "mean": 0.8023823264828465,
        "std": 0.026215498839202676,
        "all": [
          0.8131320944275977,
          0.8075102634965591,
          0.8071402327583803,
          0.7529566140538521,
          0.8311724276778434
        ]
      },
      "neg_mean_squared_error": {
        "mean": -4815.317112963102,
        "std": 812.8964346814536,
        "all": [
          -4642.256054914355,
          -4694.637782825174,
          -4250.849109909897,
          -6378.573963472466,
          -4110.268653693617
        ]
      },
      "neg_mean_absolute_error": {
        "mean": -34.02905675849125,
        "std": 1.546404977848126,
        "all": [
          -35.05663259818731,
          -32.63079377643505,
          -32.87599990936556,
          -36.587502205438064,
          -32.994355303030304
        ]
      },
      "neg_root_mean_squared_error": {
        "mean": -69.1654836742242,
        "std": 5.608295737006517,
        "all": [
          -68.13410346452322,
          -68.51742685496278,
          -65.1985361025069,
          -79.8659750048321,
          -64.11137694429607
        ]
      }
    }
  },
  "Gradient Boosting": {
    "test_report": {
      "r2": 0.8877896043269589,
      "neg_mean_squared_error": -2686.562304859429,
      "neg_mean_absolute_error": -32.95587483739847,
      "neg_root_mean_squared_error": -51.832058659283724
    },
    "train_report": {
      "r2": 0.9160441624213782,
      "neg_mean_squared_error": -2042.2495344495724,
      "neg_mean_absolute_error": -27.602728864327943,
      "neg_root_mean_squared_error": -45.19125506610291
    },
    "cross_val_report": {
      "time": {
        "mean": 0.0026990890502929686,
        "std": 3.243207852647451e-05,
        "all": [
          0.0027399063110351562,
          0.0026733875274658203,
          0.0026504993438720703,
          0.002713441848754883,
          0.002718210220336914
        ]
      },
      "r2": {
        "mean": 0.860707412720646,
        "std": 0.030439105304970876,
        "all": [
          0.8770380794338485,
          0.8055995315475596,
          0.872162588155607,
          0.8540625406783718,
          0.8946743237878433
        ]
      },
      "neg_mean_squared_error": {
        "mean": -3389.1808974150176,
        "std": 786.207865911815,
        "all": [
          -3054.6750043760157,
          -4741.2386799097,
          -2817.6822782903996,
          -3768.054241805029,
          -2564.2542826939407
        ]
      },
      "neg_mean_absolute_error": {
        "mean": -34.23288547937137,
        "std": 1.893188378036785,
        "all": [
          -34.280079288098435,
          -36.35374045280404,
          -33.70694039555957,
          -35.84038130221266,
          -30.983285958182105
        ]
      },
      "neg_root_mean_squared_error": {
        "mean": -57.84611157333087,
        "std": 6.558069324181674,
        "all": [
          -55.26911438023967,
          -68.856653127419,
          -53.08184509124,
          -61.38447883467798,
          -50.63846643307774
        ]
      }
    }
  },
  "Linear Regression": {
    "test_report": {
      "r2": 0.11082481595810789,
      "neg_mean_squared_error": -21288.79875643567,
      "neg_mean_absolute_error": -125.0788799792575,
      "neg_root_mean_squared_error": -145.90681531866724
    },
    "train_report": {
      "r2": 0.15892979590095646,
      "neg_mean_squared_error": -20459.270996518055,
      "neg_mean_absolute_error": -118.60403608848891,
      "neg_root_mean_squared_error": -143.03590806688388
    },
    "cross_val_report": {
      "time": {
        "mean": 0.0016402244567871095,
        "std": 1.4047366940824298e-05,
        "all": [
          0.0016632080078125,
          0.0016362667083740234,
          0.00162506103515625,
          0.0016281604766845703,
          0.0016484260559082031
        ]
      },
      "r2": {
        "mean": 0.15063998622412783,
        "std": 0.014977689624940945,
        "all": [
          0.15514664164003322,
          0.1451078204040217,
          0.13109246344514602,
          0.1454828854150989,
          0.17637012021633935
        ]
      },
      "neg_mean_squared_error": {
        "mean": -20621.063603068287,
        "std": 974.6915871657816,
        "all": [
          -20988.224844429944,
          -20849.990235719924,
          -19151.71256911646,
          -22063.33352159051,
          -20052.056844484618
        ]
      },
      "neg_mean_absolute_error": {
        "mean": -119.14941487829351,
        "std": 2.386935073712773,
        "all": [
          -122.66920319841554,
          -118.68801221627956,
          -116.79468190820148,
          -121.04404820257525,
          -116.55112886599566
        ]
      },
      "neg_root_mean_squared_error": {
        "mean": -143.5601404363262,
        "std": 3.3984821568740706,
        "all": [
          -144.87313361845233,
          -144.39525697099586,
          -138.38971265638375,
          -148.53731356662712,
          -141.60528536917192
        ]
      }
    }
  },
  "XGBRegressor": {
    "test_report": {
      "r2": 0.8948033052669268,
      "neg_mean_squared_error": -2518.638963623036,
      "neg_mean_absolute_error": -30.79223660836003,