{
  "Random Forest": {
    "test_report": {
      "f1": 0.9672544080604534,
      "accuracy": 0.9685990338164251,
      "roc_auc": 0.9691537165324846,
      "precision": 0.9552238805970149,
      "recall": 0.9795918367346939
    },
    "train_report": {
      "f1": 1.0,
      "accuracy": 1.0,
      "roc_auc": 1.0,
      "precision": 1.0,
      "recall": 1.0
    },
    "cross_val_report": {
      "time": {
        "mean": 0.02767910957336426,
        "std": 0.0002515299331465113,
        "all": [
          0.027979612350463867,
          0.027435302734375,
          0.027512073516845703,
          0.027476787567138672,
          0.027991771697998047
        ]
      },
      "f1": {
        "mean": 0.9500749285376198,
        "std": 0.005118879044121996,
        "all": [
          0.9419354838709677,
          0.9487179487179487,
          0.949685534591195,
          0.9576547231270358,
          0.9523809523809523
        ]
      },
      "precision": {
        "mean": 0.9491549644783849,
        "std": 0.013554697690697346,
        "all": [
          0.948051948051948,
          0.9487179487179487,
          0.9320987654320988,
          0.9735099337748344,
          0.9433962264150944
        ]
      },
      "recall": {
        "mean": 0.9512820512820512,
        "std": 0.011889254481404756,
        "all": [
          0.9358974358974359,
          0.9487179487179487,
          0.967948717948718,
          0.9423076923076923,
          0.9615384615384616
        ]
      },
      "roc_auc": {
        "mean": 0.9894185718496065,
        "std": 0.003020049484999583,
        "all": [
          0.9901098901098901,
          0.989010989010989,
          0.98510989010989,
          0.9884065934065933,
          0.994455496610669
        ]
      },
      "accuracy": {
        "mean": 0.9528426256522934,
        "std": 0.004898939882780184,
        "all": [
          0.945619335347432,
          0.9516616314199395,
          0.9516616314199395,
          0.9607250755287009,
          0.9545454545454546
        ]
      }
    }
  },
  "Decision Tree": {
    "test_report": {
      "f1": 0.9722921914357683,
      "accuracy": 0.9734299516908212,
      "roc_auc": 0.9739983149222992,
      "precision": 0.9601990049751243,
      "recall": 0.9846938775510204
    },
    "train_report": {
      "f1": 1.0,
      "accuracy": 1.0,
      "roc_auc": 1.0,
      "precision": 1.0,
      "recall": 1.0
    },
    "cross_val_report": {
      "time": {
        "mean": 0.008903264999389648,
        "std": 5.0612395368239554e-05,
        "all": [
          0.008949756622314453,
          0.008814096450805664,
          0.008893728256225586,
          0.008904457092285156,
          0.008954286575317383
        ]
      },
      "f1": {
        "mean": 0.9469214129888506,
        "std": 0.003743758916155475,
        "all": [
          0.9430379746835443,
          0.9442622950819672,
          0.95,
          0.9446254071661238,
          0.9526813880126183
        ]
      },
      "precision": {
        "mean": 0.9445350641465666,
        "std": 0.01588428347393375,
        "all": [
          0.93125,
          0.9664429530201343,
          0.926829268292683,
          0.9602649006622517,
          0.937888198757764
        ]
      },
      "recall": {
        "mean": 0.95,
        "std": 0.020432535192960528,
        "all": [
          0.9551282051282052,
          0.9230769230769231,
          0.9743589743589743,
          0.9294871794871795,
          0.967948717948718
        ]
      },
      "roc_auc": {
        "mean": 0.9498243021346472,
        "std": 0.0035749638476829247,
        "all": [
          0.9461355311355312,
          0.9472527472527472,
          0.952893772893773,
          0.9476007326007327,
          0.955238726790451
        ]
      },
      "accuracy": {
        "mean": 0.9498214776160395,
        "std": 0.0030380789473276283,
        "all": [
          0.945619335347432,
          0.9486404833836858,
          0.9516616314199395,
          0.9486404833836858,
          0.9545454545454546
        ]
      }
    }
  },
  "Gradient Boosting": {
    "test_report": {
      "f1": 0.9746192893401016,
      "accuracy": 0.9758454106280193,
      "roc_auc": 0.9760344504774385,
      "precision": 0.9696969696969697,
      "recall": 0.9795918367346939
    },
    "train_report": {
      "f1": 0.9974391805377721,
      "accuracy": 0.9975816203143894,
      "roc_auc": 0.9976427272193862,
      "precision": 0.9961636828644501,
      "recall": 0.9987179487179487
    },
    "cross_val_report": {
      "time": {
        "mean": 0.012096309661865234,
        "std": 9.471042339800218e-05,
        "all": [
          0.01224207878112793,
          0.012071847915649414,
          0.01198267936706543,
          0.012021541595458984,
          0.012163400650024414
        ]
      },
      "f1": {
        "mean": 0.9572456993157212,
        "std": 0.007677069304986062,
        "all": [
          0.9426751592356688,
          0.9646302250803859,
          0.9622641509433962,
          0.9579288025889967,
          0.9587301587301588
        ]
      },
      "precision": {
        "mean": 0.9531802073433825,
        "std": 0.012424303647219408,
        "all": [
          0.9367088607594937,
          0.967741935483871,
          0.9444444444444444,
          0.9673202614379085,
          0.949685534591195
        ]
      },
      "recall": {
        "mean": 0.9615384615384615,
        "std": 0.012162606385263001,
        "all": [
          0.9487179487179487,
          0.9615384615384616,
          0.9807692307692307,
          0.9487179487179487,
          0.967948717948718
        ]
      },
      "roc_auc": {
        "mean": 0.9910461454254558,
        "std": 0.00289894711236906,
        "all": [
          0.9893956043956044,
          0.9927838827838827,
          0.9870329670329671,
          0.9905128205128205,
          0.9955054524020042
        ]
      },
      "accuracy": {
        "mean": 0.9594928133296714,
        "std": 0.007297148451618986,
        "all": [
          0.945619335347432,
          0.9667673716012085,
          0.9637462235649547,
          0.9607250755287009,
          0.9606060606060606
        ]
      }
    }
  },
  "Logistic Regression": {
    "test_report": {
      "f1": 0.9695431472081218,
      "accuracy": 0.9710144927536232,
      "roc_auc": 0.9711898520876241,
      "precision": 0.9646464646464646,
      "recall": 0.9744897959183674
    },
    "train_report": {
      "f1": 0.9540229885057471,
      "accuracy": 0.9564691656590084,
      "roc_auc": 0.9565349410315086,
      "precision": 0.950381679389313,
      "recall": 0.9576923076923077
    },
    "cross_val_report": {
      "time": {
        "mean": 0.01616830825805664,
        "std": 0.0008020166321086815,
        "all": [
          0.017666101455688477,
          0.015314340591430664,
          0.016181468963623047,
          0.015957117080688477,
          0.01572251319885254
        ]
      },
      "f1": {
        "mean": 0.9407491009628496,
        "std": 0.009113170289395608,
        "all": [
          0.9389067524115756,
          0.9271523178807947,
          0.9556962025316456,
          0.9423076923076923,
          0.9396825396825397
        ]
      },
      "precision": {
        "mean": 0.9435429791661187,
        "std": 0.008967186616275515,
        "all": [
          0.9419354838709677,
          0.958904109589041,
          0.94375,
          0.9423076923076923,
          0.9308176100628931
        ]
      },
      "recall": {
        "mean": 0.9384615384615385,
        "std": 0.023148038570856126,
        "all": [
          0.9358974358974359,
          0.8974358974358975,
          0.967948717948718,
          0.9423076923076923,
          0.9487179487179487
        ]
      },
      "roc_auc": {
        "mean": 0.9895217043492905,
        "std": 0.001965569853578434,