{
  "Random Forest": {
    "test_report": {
      "r2": 0.9697378825405908,
      "neg_mean_squared_error": -724.5412828644896,
      "neg_mean_absolute_error": -13.737027408256566,
      "neg_root_mean_squared_error": -26.917304524496682
    },
    "train_report": {
      "r2": 0.9945822746577158,
      "neg_mean_squared_error": -131.7877038352957,
      "neg_mean_absolute_error": -5.456604138861592,
      "neg_root_mean_squared_error": -11.479882570623085
    },
    "cross_val_report": {
      "time": {
        "mean": 0.057732439041137694,
        "std": 0.0008884263221336262,
        "all": [
          0.05693459510803223,
          0.05928373336791992,
          0.05724811553955078,
          0.05703544616699219,
          0.05816030502319336
        ]
      },
      "r2": {
        "mean": 0.9528758434317541,
        "std": 0.020823276392365277,
        "all": [
          0.9691850021792904,
          0.9122536484231781,
          0.9632222918272368,
          0.9549954438352529,
          0.9647228308938126
        ]
      },
      "neg_mean_squared_error": {
        "mean": -1147.409843663795,
        "std": 515.3780534303468,
        "all": [
          -765.5199525952645,
          -2140.0483210191605,
          -810.6226108572141,
          -1162.001925656354,
          -858.8564081909828
        ]
      },
      "neg_mean_absolute_error": {
        "mean": -16.572030330591957,
        "std": 1.4713369053379382,
        "all": [
          -15.18799172647993,
          -19.049128567609937,
          -15.059935150266746,
          -17.227841551583722,
          -16.335254657019455
        ]
      },
      "neg_root_mean_squared_error": {
        "mean": -33.158904781820624,
        "std": 6.920756991395416,
        "all": [
          -27.668031238150366,
          -46.26065629689186,
          -28.47143499820854,
          -34.088149343376706,
          -29.306252032475644
        ]
      }
    }
  },
  "Decision Tree": {
    "test_report": {
      "r2": 0.9417333119879439,
      "neg_mean_squared_error": -1395.031954956411,
      "neg_mean_absolute_error": -16.557694371980674,
      "neg_root_mean_squared_error": -37.35012657216051
    },
    "train_report": {
      "r2": 1.0,
      "neg_mean_squared_error": -0.0,
      "neg_mean_absolute_error": -0.0,
      "neg_root_mean_squared_error": -0.0
    },
    "cross_val_report": {
      "time": {
        "mean": 0.002107667922973633,
        "std": 7.284183532138415e-05,
        "all": [
          0.0022096633911132812,
          0.002115964889526367,
          0.002160310745239258,
          0.0020287036895751953,
          0.0020236968994140625
        ]
      },
      "r2": {
        "mean": 0.928044877912189,
        "std": 0.019706790403932944,
        "all": [
          0.9444197186234552,
          0.9258269168259516,
          0.8909300224602541,
          0.9358032235308967,
          0.9432445081203872
        ]
      },
      "neg_mean_squared_error": {
        "mean": -1726.6182755588702,
        "std": 376.56068799550513,
        "all": [
          -1380.7501987233397,
          -1809.0094831175434,
          -2404.026633309483,
          -1657.538352449338,
          -1381.7667101946467
        ]
      },
      "neg_mean_absolute_error": {
        "mean": -18.869591881021698,
        "std": 1.38736039327945,
        "all": [
          -18.759141691842903,
          -17.40847087613293,
          -21.319006102719033,
          -17.691807643504536,
          -19.16953309090909
        ]
      },
      "neg_root_mean_squared_error": {
        "mean": -41.32135467024928,
        "std": 4.377661907267155,
        "all": [
          -37.158447205492045,
          -42.53245211738377,
          -49.030874286611315,
          -40.71287698565821,
          -37.17212275610107
        ]
      }
    }
  },
  "Gradient Boosting": {
    "test_report": {
      "r2": 0.9677134298299033,
      "neg_mean_squared_error": -773.0111087472102,
      "neg_mean_absolute_error": -16.04807566657026,
      "neg_root_mean_squared_error": -27.80307732513094
    },
    "train_report": {
      "r2": 0.99453614926734,
      "neg_mean_squared_error": -132.90971702387137,
      "neg_mean_absolute_error": -7.832963984074513,
      "neg_root_mean_squared_error": -11.52864766674181
    },
    "cross_val_report": {
      "time": {
        "mean": 0.004649209976196289,
        "std": 6.139366834429652e-05,
        "all": [
          0.004596233367919922,
          0.004732608795166016,
          0.004635334014892578,
          0.0047070980072021484,
          0.004574775695800781
        ]
      },
      "r2": {
        "mean": 0.9513305952224979,
        "std": 0.015902327463124588,
        "all": [
          0.9714450304588789,
          0.9252587044596371,
          0.9608052102519063,
          0.9430861629652673,
          0.9560578679767997
        ]
      },
      "neg_mean_squared_error": {
        "mean": -1187.0898816853467,
        "std": 407.52529630161433,
        "all": [
          -709.3753196629261,
          -1822.8676310480485,
          -863.897843996953,
          -1469.4953992826036,
          -1069.8132144362023
        ]
      },
      "neg_mean_absolute_error": {
        "mean": -18.911112409100753,
        "std": 1.7015796511554022,
        "all": [
          -16.457618191397533,
          -20.646025346387468,
          -17.738847045783903,
          -20.925519634674945,
          -18.78755182725991
        ]
      },
      "neg_root_mean_squared_error": {
        "mean": -33.952658196892585,
        "std": 5.857207786166479,
        "all": [
          -26.63410069183726,
          -42.6950539412711,
          -29.392139153129925,
          -38.33399795589554,
          -32.70799924232912
        ]
      }
    }
  },
  "Linear Regression": {
    "test_report": {
      "r2": 0.8709032812470192,
      "neg_mean_squared_error": -3090.8578140422997,
      "neg_mean_absolute_error": -41.88530038545757,
      "neg_root_mean_squared_error": -55.5954837558079
    },
    "train_report": {
      "r2": 0.8528469071714369,
      "neg_mean_squared_error": -3579.5406726842293,
      "neg_mean_absolute_error": -42.80240020109506,
      "neg_root_mean_squared_error": -59.82926267876138
    },
    "cross_val_report": {
      "time": {
        "mean": 0.00395045280456543,
        "std": 3.6364140670387515e-05,
        "all": [
          0.004022836685180664,
          0.003928184509277344,
          0.003930091857910156,
          0.0039386749267578125,
          0.003932476043701172
        ]
      },
      "r2": {
        "mean": 0.8412699922151153,
        "std": 0.03331908928364122,
        "all": [
          0.8833322098326734,
          0.7968172972575527,
          0.8182937342386419,
          0.8320913808612687,
          0.8758153388854403
        ]
      },
      "neg_mean_squared_error": {
        "mean": -3843.4983380979684,
        "std": 783.6238659160737,
        "all": [
          -2898.313403035948,
          -4955.428847470932,
          -4005.013223463191,
          -4335.341916477752,
          -3023.3943000420168
        ]
      },
      "neg_mean_absolute_error": {
        "mean": -44.37006673663233,
        "std": 2.75081377631028,
        "all": [
          -40.198220315495576,
          -46.012718867811046,
          -46.97582842555933,
          -46.67051648832421,
          -41.99304958597151
        ]
      },
      "neg_root_mean_squared_error": {
        "mean": -61.66893621391891,
        "std": 6.359295899827978,
        "all": [
          -53.835986134145884,
          -70.3948069638019,
          -63.2851738044796,
          -65.84331337712094,
          -54.985400790046235
        ]
      }
    }
  },
  "XGBRegressor": {
    "test_report": {
      "r2": 0.9732698801109259,
      "neg_mean_squared_error": -639.9775356608336,
      "neg_mean_absolute_error": -13.856588546046742,
      "neg_root_mean_squared_error": -25.29777728696404
    },