{
  "Random Forest": {
    "test_report": {
      "r2": 0.9024765564961086,
      "neg_mean_squared_error": -2334.924545859966,
      "neg_mean_absolute_error": -26.92556572545772,
      "neg_root_mean_squared_error": -48.32105696132863
    },
    "train_report": {
      "r2": 0.9817696279470837,
      "neg_mean_squared_error": -443.4589649950823,
      "neg_mean_absolute_error": -10.438854884934317,
      "neg_root_mean_squared_error": -21.058465399812075
    },
    "cross_val_report": {
      "time": {
        "mean": 0.07126545906066895,
        "std": 0.017944840877023284,
        "all": [
          0.0636909008026123,
          0.05778646469116211,
          0.06386280059814453,
          0.10684013366699219,
          0.0641469955444336
        ]
      },
      "r2": {
        "mean": 0.8711111085939847,
        "std": 0.02956911044948223,
        "all": [
          0.8934876418543816,
          0.8163106428072884,
          0.8879489671189241,
          0.8636909138278429,
          0.8941173773614863
        ]
      },
      "neg_mean_squared_error": {
        "mean": -3138.6063744823514,
        "std": 767.9725498442319,
        "all": [
          -2646.027620473997,
          -4480.005075825734,
          -2469.732491122786,
          -3519.4530090839007,
          -2577.8136759053377
        ]
      },
      "neg_mean_absolute_error": {
        "mean": -28.46663573474749,
        "std": 1.6657539271855304,
        "all": [
          -28.092793818700763,
          -30.478510418439285,
          -26.876399386965524,
          -30.334335965013253,
          -26.55113908461862
        ]
      },
      "neg_root_mean_squared_error": {
        "mean": -55.633189699326614,
        "std": 6.599589256998496,
        "all": [
          -51.43955307420543,
          -66.93284004004114,
          -49.69640320106462,
          -59.32497795266258,
          -50.772174228659324
        ]
      }
    }
  },
  "Decision Tree": {
    "test_report": {
      "r2": 0.8576241085399,
      "neg_mean_squared_error": -3408.7902535518747,
      "neg_mean_absolute_error": -29.943821333333332,
      "neg_root_mean_squared_error": -58.384846095128786
    },
    "train_report": {
      "r2": 0.9994053336331039,
      "neg_mean_squared_error": -14.465427848409217,
      "neg_mean_absolute_error": -0.2631894316807739,
      "neg_root_mean_squared_error": -3.80334429790536
    },
    "cross_val_report": {
      "time": {
        "mean": 0.0022048473358154295,
        "std": 0.00016395554591350648,
        "all": [
          0.0020592212677001953,
          0.0024542808532714844,
          0.0020728111267089844,
          0.0020902156829833984,
          0.002347707748413086
        ]
      },
      "r2": {
        "mean": 0.8145882058493402,
        "std": 0.03318043227979847,
        "all": [
          0.8565029400871108,
          0.763393391420227,
          0.8295455746447459,
          0.7906887831133513,
          0.8328103399812663
        ]
      },
      "neg_mean_squared_error": {
        "mean": -4513.433611465754,
        "std": 899.1700415299956,
        "all": [
          -3564.818116853761,
          -5770.605459189628,
          -3757.0098349948616,
          -5404.342533529517,
          -4070.392112761004
        ]
      },
      "neg_mean_absolute_error": {
        "mean": -33.135343465604684,
        "std": 1.9837417790464555,
        "all": [
          -30.511764984894256,
          -35.37972447129909,
          -31.218801842900305,
          -35.1339204531722,
          -33.432505575757574
        ]
      },
      "neg_root_mean_squared_error": {
        "mean": -66.85578185806655,
        "std": 6.613474397952475,
        "all": [
          -59.70609781968472,
          -75.96450130942497,
          -61.294451910387956,
          -73.5142335437806,
          -63.79962470705454
        ]
      }
    }
  },
  "Gradient Boosting": {
    "test_report": {
      "r2": 0.9049934337923599,
      "neg_mean_squared_error": -2274.664998342039,
      "neg_mean_absolute_error": -28.9991045462817,
      "neg_root_mean_squared_error": -47.693448169974445
    },
    "train_report": {
      "r2": 0.9403543034526314,
      "neg_mean_squared_error": -1450.8984666100393,
      "neg_mean_absolute_error": -22.56036498679809,
      "neg_root_mean_squared_error": -38.09066114692733
    },
    "cross_val_report": {
      "time": {
        "mean": 0.004061508178710938,
        "std": 0.0012597890119532625,
        "all": [
          0.0031745433807373047,
          0.0032570362091064453,
          0.0033533573150634766,
          0.004012107849121094,
          0.006510496139526367
        ]
      },
      "r2": {
        "mean": 0.8748943182645273,
        "std": 0.028094352353339586,
        "all": [
          0.8938575499585439,
          0.8234868991719044,
          0.8872573749929388,
          0.8677641934481513,
          0.9021055737510983
        ]
      },
      "neg_mean_squared_error": {
        "mean": -3044.8826135720506,
        "std": 726.9047515981252,
        "all": [
          -2636.8381979723135,
          -4304.983150602388,
          -2484.9759699219812,
          -3414.282351579614,
          -2383.3333977839566
        ]
      },
      "neg_mean_absolute_error": {
        "mean": -31.116500505518125,
        "std": 1.2718988008959893,
        "all": [
          -30.385337296929215,
          -32.589682007155595,
          -30.330969630679824,
          -32.6819154368726,
          -29.594598155953392
        ]
      },
      "neg_root_mean_squared_error": {
        "mean": -54.81266260564657,
        "std": 6.360395557793874,
        "all": [
          -51.35015285247273,
          -65.61237040834898,
          -49.84953329693249,
          -58.431860757463596,
          -48.8193957130151
        ]
      }
    }
  },
  "Linear Regression": {
    "test_report": {
      "r2": 0.9018040261319269,
      "neg_mean_squared_error": -2351.026393772068,
      "neg_mean_absolute_error": -29.11097765700483,
      "neg_root_mean_squared_error": -48.48738386190853
    },
    "train_report": {
      "r2": 0.887283477466081,
      "neg_mean_squared_error": -2741.8613441155953,
      "neg_mean_absolute_error": -29.40363590689238,
      "neg_root_mean_squared_error": -52.36278587045952
    },
    "cross_val_report": {
      "time": {
        "mean": 0.010074377059936523,
        "std": 0.00851591581874998,
        "all": [
          0.026911258697509766,
          0.007220268249511719,
          0.0034465789794921875,
          0.0063648223876953125,
          0.006428956985473633
        ]
      },
      "r2": {
        "mean": -1.120959554007356e+23,
        "std": 2.241919108014712e+23,
        "all": [
          0.892868403344616,
          0.8422992803465432,
          0.8565203391046253,
          -5.60479777003678e+23,
          0.9028580458599194
        ]
      },
      "neg_mean_squared_error": {
        "mean": -2.8942784272134517e+27,
        "std": 5.788556854426903e+27,
        "all": [
          -2661.4110203820233,
          -3846.1674389096816,
          -3162.4552778971574,
          -1.4471392136067258e+28,
          -2365.013744903062
        ]
      },
      "neg_mean_absolute_error": {
        "mean": -1322425316391.9556,
        "std": 2644850632720.593,
        "all": [
          -33.20744770392749,
          -31.892684199395777,
          -32.629877975830816,
          -6612126581833.142,
          -28.90634178787879
        ]
      },
      "neg_root_mean_squared_error": {
        "mean": -24059419890030.45,
        "std": 48118839779951.664,
        "all": [
          -51.588865275193086,
          -62.01747688280846,
          -56.23571176660928,
          -120297099449933.78,
          -48.631406980500394
        ]
      }
    }
  },
  "XGBRegressor": {
    "test_report": {
      "r2": 0.9035567516268301,
      "neg_mean_squared_error": -2309.062311771203,
      "neg_mean_absolute_error": -28.28400943006746,