{
  "Random Forest": {
    "test_report": {
      "f1": 0.9974424552429667,
      "accuracy": 0.9975845410628019,
      "roc_auc": 0.9974489795918368,
      "precision": 1.0,
      "recall": 0.9948979591836735
    },
    "train_report": {
      "f1": 1.0,
      "accuracy": 1.0,
      "roc_auc": 1.0,
      "precision": 1.0,
      "recall": 1.0
    },
    "cross_val_report": {
      "time": {
        "mean": 0.01024165153503418,
        "std": 0.00011113544941512657,
        "all": [
          0.01044917106628418,
          0.010249853134155273,
          0.010202884674072266,
          0.010126113891601562,
          0.010180234909057617
        ]
      },
      "f1": {
        "mean": 0.9993610223642172,
        "std": 0.001277955271565512,
        "all": [
          1.0,
          1.0,
          0.9968051118210862,
          1.0,
          1.0
        ]
      },
      "precision": {
        "mean": 0.9987261146496815,
        "std": 0.002547770700636942,
        "all": [
          1.0,
          1.0,
          0.9936305732484076,
          1.0,
          1.0
        ]
      },
      "recall": {
        "mean": 1.0,
        "std": 0.0,
        "all": [
          1.0,
          1.0,
          1.0,
          1.0,
          1.0
        ]
      },
      "roc_auc": {
        "mean": 0.9999963369963372,
        "std": 7.326007325980655e-06,
        "all": [
          1.0,
          1.0,
          0.999981684981685,
          1.0,
          1.0
        ]
      },
      "accuracy": {
        "mean": 0.9993957703927492,
        "std": 0.0012084592145015004,
        "all": [
          1.0,
          1.0,
          0.9969788519637462,
          1.0,
          1.0
        ]
      }
    }
  },
  "Decision Tree": {
    "test_report": {
      "f1": 1.0,
      "accuracy": 1.0,
      "roc_auc": 1.0,
      "precision": 1.0,
      "recall": 1.0
    },
    "train_report": {
      "f1": 1.0,
      "accuracy": 1.0,
      "roc_auc": 1.0,
      "precision": 1.0,
      "recall": 1.0
    },
    "cross_val_report": {
      "time": {
        "mean": 0.009261751174926757,
        "std": 0.0008839510548690732,
        "all": [
          0.009029865264892578,
          0.008610010147094727,
          0.010979890823364258,
          0.009097576141357422,
          0.008591413497924805
        ]
      },
      "f1": {
        "mean": 1.0,
        "std": 0.0,
        "all": [
          1.0,
          1.0,
          1.0,
          1.0,
          1.0
        ]
      },
      "precision": {
        "mean": 1.0,
        "std": 0.0,
        "all": [
          1.0,
          1.0,
          1.0,
          1.0,
          1.0
        ]
      },
      "recall": {
        "mean": 1.0,
        "std": 0.0,
        "all": [
          1.0,
          1.0,
          1.0,
          1.0,
          1.0
        ]
      },
      "roc_auc": {
        "mean": 1.0,
        "std": 0.0,
        "all": [
          1.0,
          1.0,
          1.0,
          1.0,
          1.0
        ]
      },
      "accuracy": {
        "mean": 1.0,
        "std": 0.0,
        "all": [
          1.0,
          1.0,
          1.0,
          1.0,
          1.0
        ]
      }
    }
  },
  "Gradient Boosting": {
    "test_report": {
      "f1": 1.0,
      "accuracy": 1.0,
      "roc_auc": 1.0,
      "precision": 1.0,
      "recall": 1.0
    },
    "train_report": {
      "f1": 1.0,
      "accuracy": 1.0,
      "roc_auc": 1.0,
      "precision": 1.0,
      "recall": 1.0
    },
    "cross_val_report": {
      "time": {
        "mean": 0.008991098403930664,
        "std": 2.17959964792636e-05,
        "all": [
          0.008993148803710938,
          0.009012222290039062,
          0.009001493453979492,
          0.00894927978515625,
          0.008999347686767578
        ]
      },
      "f1": {
        "mean": 1.0,
        "std": 0.0,
        "all": [
          1.0,
          1.0,
          1.0,
          1.0,
          1.0
        ]
      },
      "precision": {
        "mean": 1.0,
        "std": 0.0,
        "all": [
          1.0,
          1.0,
          1.0,
          1.0,
          1.0
        ]
      },
      "recall": {
        "mean": 1.0,
        "std": 0.0,
        "all": [
          1.0,
          1.0,
          1.0,
          1.0,
          1.0
        ]
      },
      "roc_auc": {
        "mean": 1.0,
        "std": 0.0,
        "all": [
          1.0,
          1.0,
          1.0,
          1.0,
          1.0
        ]
      },
      "accuracy": {
        "mean": 1.0,
        "std": 0.0,
        "all": [
          1.0,
          1.0,
          1.0,
          1.0,
          1.0
        ]
      }
    }
  },
  "Logistic Regression": {
    "test_report": {
      "f1": 0.9669211195928753,
      "accuracy": 0.9685990338164251,
      "roc_auc": 0.9686388316794606,
      "precision": 0.9644670050761421,
      "recall": 0.9693877551020408
    },
    "train_report": {
      "f1": 0.963855421686747,
      "accuracy": 0.9655380894800484,
      "roc_auc": 0.9660124391245674,
      "precision": 0.9535759096612296,
      "recall": 0.9743589743589743
    },
    "cross_val_report": {
      "time": {
        "mean": 0.018733501434326172,
        "std": 0.0064099395212808205,
        "all": [
          0.01577472686767578,
          0.01533651351928711,
          0.031549692153930664,
          0.015601873397827148,
          0.015404701232910156
        ]
      },
      "f1": {
        "mean": 0.9549898101927132,
        "std": 0.0035255949397980865,
        "all": [
          0.9554140127388535,
          0.9581993569131833,
          0.9589905362776026,
          0.9493670886075949,
          0.9529780564263323
        ]
      },
      "precision": {
        "mean": 0.9449544254987081,
        "std": 0.009973601210838201,
        "all": [
          0.9493670886075949,
          0.9612903225806452,
          0.9440993788819876,
          0.9375,
          0.9325153374233128
        ]
      },
      "recall": {
        "mean": 0.9653846153846153,
        "std": 0.007692307692307665,
        "all": [
          0.9615384615384616,
          0.9551282051282052,
          0.9743589743589743,
          0.9615384615384616,
          0.9743589743589743
        ]
      },
      "roc_auc": {
        "mean": 0.9927047703254599,
        "std": 0.001413240595161987,
        "all": [
          0.9906227106227106,
          0.9926373626373627,
          0.992014652014652,
          0.9933699633699633,
          0.9948791629826113
        ]
      },
      "accuracy": {
        "mean": 0.9570722329030487,
        "std": 0.003542450389977754,
        "all": [
          0.9577039274924471,
          0.9607250755287009,
          0.9607250755287009,
          0.9516616314199395,
          0.9545454545454546
        ]
      }
    }
  },
  "XGBClassifier": {
    "test_report": {
      "f1": 0.9974554707379135,
      "accuracy": 0.9975845410628019,
      "roc_auc": 0.9977064220183487,
      "precision": 0.9949238578680203,
      "recall": 1.0
    },
    "train_report": {
      "f1": 0.998719590268886,
      "accuracy": 0.9987908101571947,
      "roc_auc": 0.9988558352402747,
      "precision": 0.9974424552429667,
      "recall": 1.0
    },
    "cross_val_report": {
      "time": {
        "mean": 0.010991334915161133,
        "std": 8.080919801603364e-05,
        "all": [
          0.010978221893310547,
          0.010849952697753906,
          0.011083841323852539,
          0.010990619659423828,
          0.011054039001464844
        ]
      },
      "f1": {
        "mean": 0.998717935547497,
        "std": 0.001570215304974988,
        "all": [
          0.9968051118210862,
          1.0,
          0.9967845659163987,
          1.0,
          1.0
        ]
      },
      "precision": {
        "mean": 0.9987261146496815,
        "std": 0.002547770700636942,
        "all": [
          0.9936305732484076,
          1.0,
          1.0,
          1.0,
          1.0
        ]
      },
      "recall": {
        "mean": 0.9987179487179487,