{
  "Random Forest": {
    "test_report": {
      "r2": 0.9697755214333945,
      "neg_mean_squared_error": -723.6401254450124,
      "neg_mean_absolute_error": -13.29180390615561,
      "neg_root_mean_squared_error": -26.900559946681636
    },
    "train_report": {
      "r2": 0.9944413275831249,
      "neg_mean_squared_error": -135.21628135613608,
      "neg_mean_absolute_error": -5.26148934168823,
      "neg_root_mean_squared_error": -11.628253581520145
    },
    "cross_val_report": {
      "time": {
        "mean": 0.059144210815429685,
        "std": 0.0026444552742295015,
        "all": [
          0.05671525001525879,
          0.06282448768615723,
          0.061882972717285156,
          0.056975603103637695,
          0.05732274055480957
        ]
      },
      "r2": {
        "mean": 0.9531815048874028,
        "std": 0.01619885653652514,
        "all": [
          0.9731826107256223,
          0.9241512676209541,
          0.9583915541878946,
          0.9509210011617103,
          0.959261090740833
        ]
      },
      "neg_mean_squared_error": {
        "mean": -1138.4428791514827,
        "std": 404.03255890861084,
        "all": [
          -666.2095738411342,
          -1849.876940320393,
          -917.0975749625043,
          -1267.2026127890422,
          -991.8276938443394
        ]
      },
      "neg_mean_absolute_error": {
        "mean": -15.685810565919628,
        "std": 1.406770563780418,
        "all": [
          -13.774443506597002,
          -17.53725408291631,
          -14.715467096954084,
          -17.019955200446073,
          -15.38193294268467
        ]
      },
      "neg_root_mean_squared_error": {
        "mean": -33.23918720729022,
        "std": 5.79649143449697,
        "all": [
          -25.81103589244597,
          -43.01019577170503,
          -30.283618921167665,
          -35.5977894368322,
          -31.49329601430024
        ]
      }
    }
  },
  "Decision Tree": {
    "test_report": {
      "r2": 0.9557950021665705,
      "neg_mean_squared_error": -1058.3643356158016,
      "neg_mean_absolute_error": -16.254306714975844,
      "neg_root_mean_squared_error": -32.53251197826263
    },
    "train_report": {
      "r2": 1.0,
      "neg_mean_squared_error": -0.0,
      "neg_mean_absolute_error": -0.0,
      "neg_root_mean_squared_error": -0.0
    },
    "cross_val_report": {
      "time": {
        "mean": 0.002117919921875,
        "std": 8.136012964605699e-05,
        "all": [
          0.002166748046875,
          0.0021173954010009766,
          0.0020012855529785156,
          0.0020661354064941406,
          0.002238035202026367
        ]
      },
      "r2": {
        "mean": 0.9173281934017895,
        "std": 0.01828688940061056,
        "all": [
          0.9500016899466484,
          0.9086565654562563,
          0.9242904250366375,
          0.9009985906123253,
          0.9026936959570802
        ]
      },
      "neg_mean_squared_error": {
        "mean": -2012.7560417405407,
        "std": 485.9556454304163,
        "all": [
          -1242.0803715313607,
          -2227.777682133258,
          -1668.7253331663994,
          -2556.1818214593122,
          -2369.0150004123725
        ]
      },
      "neg_mean_absolute_error": {
        "mean": -18.825468545637644,
        "std": 1.1436305974681154,
        "all": [
          -17.56355709969788,
          -19.090452960725074,
          -17.457104471299097,
          -19.68632516616314,
          -20.329903030303033
        ]
      },
      "neg_root_mean_squared_error": {
        "mean": -44.50475202891071,
        "std": 5.664193551222329,
        "all": [
          -35.243160634814814,
          -47.19933984849002,
          -40.85003467766459,
          -50.5586967935222,
          -48.672528190061925
        ]
      }
    }
  },
  "Gradient Boosting": {
    "test_report": {
      "r2": 0.9678948346545196,
      "neg_mean_squared_error": -768.6678804677742,
      "neg_mean_absolute_error": -16.480217522610783,
      "neg_root_mean_squared_error": -27.724860332700942
    },
    "train_report": {
      "r2": 0.9869956636788635,
      "neg_mean_squared_error": -316.3341652424807,
      "neg_mean_absolute_error": -10.379314511079171,
      "neg_root_mean_squared_error": -17.7857854828647
    },
    "cross_val_report": {
      "time": {
        "mean": 0.004582977294921875,
        "std": 6.185105491732022e-05,
        "all": [
          0.004629611968994141,
          0.004598379135131836,
          0.004622697830200195,
          0.004602670669555664,
          0.004461526870727539
        ]
      },
      "r2": {
        "mean": 0.952313241264218,
        "std": 0.016008630768934044,
        "all": [
          0.9725393363005577,
          0.9300526422565374,
          0.9602183076395349,
          0.9371912812486062,
          0.9615646388758541
        ]
      },
      "neg_mean_squared_error": {
        "mean": -1164.4833746056308,
        "std": 417.1092006720248,
        "all": [
          -682.1900847029665,
          -1705.9481426708603,
          -876.8338465810363,
          -1621.699186854723,
          -935.7456122185688
        ]
      },
      "neg_mean_absolute_error": {
        "mean": -18.596016208002332,
        "std": 1.4620760781454019,
        "all": [
          -16.84311436870173,
          -19.371020006521935,
          -17.225446495434028,
          -20.860874863006273,
          -18.67962530634771
        ]
      },
      "neg_root_mean_squared_error": {
        "mean": -33.57871199802124,
        "std": 6.07893700901523,
        "all": [
          -26.118768820581234,
          -41.30312509569779,
          -29.611380355887434,
          -40.27032638127884,
          -30.58995933666092
        ]
      }
    }
  },
  "Linear Regression": {
    "test_report": {
      "r2": 0.9220163555915263,
      "neg_mean_squared_error": -1867.0990170450148,
      "neg_mean_absolute_error": -30.495024371980676,
      "neg_root_mean_squared_error": -43.209941183077476
    },
    "train_report": {
      "r2": 0.9075047957782313,
      "neg_mean_squared_error": -2249.9720473139023,
      "neg_mean_absolute_error": -30.320750175332527,
      "neg_root_mean_squared_error": -47.43387025442792
    },
    "cross_val_report": {
      "time": {
        "mean": 0.0053637027740478516,
        "std": 0.001493967077446505,
        "all": [
          0.00835108757019043,
          0.00458216667175293,
          0.004664897918701172,
          0.004594326019287109,
          0.004626035690307617
        ]
      },
      "r2": {
        "mean": -2.9253699954830807e+24,
        "std": 5.850739990966161e+24,
        "all": [
          0.9242789146671572,
          0.8600185060101534,
          0.8846988579335093,
          -1.4626849977415404e+25,
          0.9175897133159452
        ]
      },
      "neg_mean_squared_error": {
        "mean": -7.553203181395635e+28,
        "std": 1.5106406362791269e+29,
        "all": [
          -1881.0970551327787,
          -3414.0127287737305,
          -2541.3686023528785,
          -3.776601590697818e+29,
          -2006.357216657797
        ]
      },
      "neg_mean_absolute_error": {
        "mean": -6755641340261.252,
        "std": 13511282680457.672,
        "all": [
          -31.40793586102719,
          -33.82154317220543,
          -33.40739123867069,
          -33778206701176.594,
          -31.0331976969697
        ]
      },
      "neg_root_mean_squared_error": {
        "mean": -122908121630757.0,
        "std": 245816243261415.5,
        "all": [
          -43.37161577728894,
          -58.42955355617335,
          -50.41198867683042,
          -614540608153588.0,
          -44.792379001988685
        ]
      }
    }
  },
  "XGBRegressor": {
    "test_report": {
      "r2": 0.9724186442259007,
      "neg_mean_squared_error": -660.3579846159889,
      "neg_mean_absolute_error": -13.255453973664988,
      "neg_root_mean_squared_error": -25.697431478962812
    },